CANAL,CLASSIFICACAO_CANAL,CNPJ_PROGRAMADORA,CLASSIFICACAO_PROGRAMADORA,NR_IDENTIFICACAO,OFERTA_CLIENTE,DENSIDADE_CANAL,PAIS_PROGRAMADORA,TIPO_CONTEUDO_CANAL,NOME_PROGRAMADORA,DATA_INICIO_OFERTA
A&E,canal de espaço qualificado,,programadora estrangeira,2239830001,canal ofertado em pacote,PADRÃO,Estados Unidos,canal de conteúdo em geral,"A&E BRAZIL DISTRIBUTION, LLC",1997-06-01
A&E HD,canal de espaço qualificado,,programadora estrangeira,2239830002,canal ofertado em pacote,ALTA DEFINIÇÃO,Estados Unidos,canal de conteúdo em geral,"A&E BRAZIL DISTRIBUTION, LLC",2010-12-01
ADULT SWIM,canal de espaço qualificado,05583971000125,programadora estrangeira,4040330033,canal ofertado em pacote,PADRÃO,Estados Unidos,canal de conteúdo em geral,"TURNER INTERNATIONAL LATIN AMERICA, INC",2023-10-31
ADULT SWIM HD,canal de espaço qualificado,05583971000125,programadora estrangeira,4040330034,canal ofertado em pacote,ALTA DEFINIÇÃO,Estados Unidos,canal de conteúdo em geral,"TURNER INTERNATIONAL LATIN AMERICA, INC",2023-10-31
AFESP TV,canal de programação comum,26650154000112,,3530730001,canal ofertado em pacote,PADRÃO,Brasil,canal de conteúdo em geral,ASSOCIAÇÃO DOS FUNCIONÁRIOS EMPREGADOS E SERVIDORES PÚBLICOS MUNICIPAIS DE PETRÓPOLIS,2017-01-01
AGRO+,canal de programação comum,04334366000158,programadora brasileira,329330011,canal ofertado em pacote,PADRÃO,Brasil,canal de conteúdo jornalístico,NEWCO PROGRAMADORA E PRODUTORA DE COMUNICACAO LTDA.,2020-06-22
AGRO+ HD,canal de programação comum,04334366000158,programadora brasileira,329330012,canal ofertado em pacote,ALTA DEFINIÇÃO,Brasil,canal de conteúdo jornalístico,NEWCO PROGRAMADORA E PRODUTORA DE COMUNICACAO LTDA.,2020-06-22
AGROBRASIL TV O SEU CANAL,canal de programação comum,07760498000130,programadora brasileira independente,612530001,"canal ofertado em pacote, canal à la carte",PADRÃO,Brasil,canal de conteúdo em geral,AGROMIX TELEVISAO LTDA,2005-12-26
ALPHA CHANNEL TV,canal de programação comum,20968212000174,"programadora brasileira independente nos termos do art.17, §5º da lei 12.485/2011",2948730001,canal ofertado em pacote,ALTA DEFINIÇÃO,Brasil,canal de conteúdo em geral,HAPPY SERVICOS E COMUNICACOES EIRELI,2014-08-28
AMC,canal de espaço qualificado,06147448000119,programadora estrangeira,621130003,canal ofertado em pacote,PADRÃO,Estados Unidos,canal de conteúdo em geral,AMC NETWORKS LATIN AMERICA LLC,1997-07-01
AMC HD,canal de espaço qualificado,06147448000119,programadora estrangeira,621130002,canal ofertado em pacote,ALTA DEFINIÇÃO,Estados Unidos,canal de conteúdo em geral,AMC NETWORKS LATIN AMERICA LLC,2009-04-30
ANIMAL PLANET,canal de espaço qualificado,,programadora estrangeira,2603930001,canal ofertado em pacote,PADRÃO,Espanha,canal de conteúdo em geral,"DISCOVERY NETWORKS, SL",1999-09-01
ANIMAL PLANET HD,canal de espaço qualificado,,programadora estrangeira,2603930018,canal ofertado em pacote,ALTA DEFINIÇÃO,Espanha,canal de conteúdo em geral,"DISCOVERY NETWORKS, SL",2015-12-01
ART LATINO,canal não adaptado ao mercado brasileiro,,programadora estrangeira,1412530002,"canal ofertado em pacote, canal à la carte",PADRÃO,Uruguai,canal de conteúdo em geral,ALL TV COMMUNICATIONS S.A.,1994-07-01
ARTE 1,canal brasileiro de espaço qualificado,04334366000158,programadora brasileira,329330003,canal ofertado em pacote,PADRÃO,Brasil,canal de conteúdo em geral,NEWCO PROGRAMADORA E PRODUTORA DE COMUNICACAO LTDA.,2012-10-01
ARTE 1 HD,canal brasileiro de espaço qualificado,04334366000158,programadora brasileira,329330004,canal ofertado em pacote,ALTA DEFINIÇÃO,Brasil,canal de conteúdo em geral,NEWCO PROGRAMADORA E PRODUTORA DE COMUNICACAO LTDA.,2013-03-01
AXN,canal de espaço qualificado,,programadora estrangeira,2233530003,canal ofertado em pacote,PADRÃO,Estados Unidos,canal de conteúdo em geral,"SET BRAZIL, LLC",1999-08-01
AXN HD,canal de espaço qualificado,,programadora estrangeira,2233530004,canal ofertado em pacote,ALTA DEFINIÇÃO,Estados Unidos,canal de conteúdo em geral,"SET BRAZIL, LLC",1999-08-01
BABY TV,canal de espaço qualificado,,programadora estrangeira,627630006,canal ofertado em pacote,PADRÃO,Estados Unidos,canal de conteúdo infantil e adolescente,TFCF LATIN AMERICAN CHANNEL LLC,2008-03-01
BANDNEWS,canal de programação comum,06017510000158,programadora brasileira,1574230002,canal ofertado em pacote,PADRÃO,Brasil,canal de conteúdo jornalístico,COMPANHIA RIO BONITO - COMUNICAÇÕES,2001-03-19
BANDNEWS HD,canal de programação comum,06017510000158,programadora brasileira,1574230003,canal ofertado em pacote,ALTA DEFINIÇÃO,Brasil,canal de conteúdo jornalístico,COMPANHIA RIO BONITO - COMUNICAÇÕES,2017-02-09
BANDSPORTS,canal de programação comum,04334366000158,programadora brasileira,329330002,canal ofertado em pacote,PADRÃO,Brasil,canal de conteúdo esportivo,NEWCO PROGRAMADORA E PRODUTORA DE COMUNICACAO LTDA.,2002-05-13
BANDSPORTS HD,canal de programação comum,04334366000158,programadora brasileira,329330006,canal ofertado em pacote,ALTA DEFINIÇÃO,Brasil,canal de conteúdo esportivo,NEWCO PROGRAMADORA E PRODUTORA DE COMUNICACAO LTDA.,2011-03-19
BIS,canal brasileiro de espaço qualificado,27865757000102,programadora brasileira independente,472730016,canal ofertado em pacote,PADRÃO,Brasil,canal de conteúdo videomusical,GLOBO COMUNICACAO E PARTICIPACOES S/A,2020-01-01
BIS (HD),canal brasileiro de espaço qualificado,27865757000102,programadora brasileira independente,472730098,canal ofertado em pacote,ALTA DEFINIÇÃO,Brasil,canal de conteúdo videomusical,GLOBO COMUNICACAO E PARTICIPACOES S/A,2020-01-01
BLOOMBERG TELEVISION,canal de programação comum,,programadora estrangeira,622730001,canal ofertado em pacote,PADRÃO,Estados Unidos,canal de conteúdo jornalístico,BLOOMBERG L.P.,1997-02-02
BLOOMBERG TELEVISION HD,canal de programação comum,,programadora estrangeira,622730002,canal ofertado em pacote,ALTA DEFINIÇÃO,Estados Unidos,canal de conteúdo jornalístico,BLOOMBERG L.P.,2016-09-30
BM&C NEWS,canal de programação comum,37675914000162,"programadora brasileira independente nos termos do art.17, §5º da lei 12.485/2011",5170530001,canal ofertado em pacote,ALTA DEFINIÇÃO,Brasil,canal de conteúdo jornalístico,BM&C CONTEUDOS E TREINAMENTOS ON LINE S.A.,2023-05-15
BOX KIDS TV,canal de espaço qualificado,,programadora estrangeira,4440130001,canal ofertado em pacote,PADRÃO,Estados Unidos,canal de conteúdo infantil e adolescente,CONTAINER MEDIA ENTERTAINMENT CORP,2022-04-02
BOX KIDS TV HD,canal de espaço qualificado,,programadora estrangeira,4440130002,canal ofertado em pacote,ALTA DEFINIÇÃO,Estados Unidos,canal de conteúdo infantil e adolescente,CONTAINER MEDIA ENTERTAINMENT CORP,2022-04-02
C3 TV,canal brasileiro de espaço qualificado,03595286000193,"programadora brasileira independente nos termos do art.17, §5º da lei 12.485/2011",1236230001,canal ofertado em pacote,PADRÃO,Brasil,canal de conteúdo em geral,TV METEOROLÓGICA LTDA,1999-08-10
CANAL 07,canal de programação comum,08646003000109,"programadora brasileira independente nos termos do art.17, §5º da lei 12.485/2011",3212930001,canal ofertado em pacote,PADRÃO,Brasil,canal de conteúdo em geral,CANAL 07 SERVIÇOS DIGITAIS MARKETING E PUBLICIDADE LTDA,2007-02-05
CANAL AGROPLUS HD,canal de programação comum,50782490000101,programadora brasileira,5377330001,canal ofertado em pacote,ALTA DEFINIÇÃO,Brasil,canal de conteúdo em geral,CANAL AGROPLUS LTDA,2023-12-13
CANAL BRASIL,"canal brasileiro de espaço qualificado nos termos do art. 17, §4º da lei 12.485/2011",02608224000106,programadora brasileira independente,150030001,canal ofertado em pacote,PADRÃO,Brasil,canal de conteúdo em geral,CANAL BRAZIL S/A,1998-09-18
CANAL BRASIL HD,"canal brasileiro de espaço qualificado nos termos do art. 17, §4º da lei 12.485/2011",02608224000106,programadora brasileira independente,150030002,canal ofertado em pacote,ALTA DEFINIÇÃO,Brasil,canal de conteúdo em geral,CANAL BRAZIL S/A,2014-10-27
CANAL DO CRIADOR SD,canal de programação comum,01815092000120,"programadora brasileira independente nos termos do art.17, §5º da lei 12.485/2011",445230002,canal ofertado em pacote,PADRÃO,Brasil,canal de televenda ou infomercial,CANAL RURAL PRODUCOES LTDA,2020-09-12
CANAL FUTURA,canal de programação comum,29527413000100,programadora brasileira independente,42130001,canal ofertado em pacote,PADRÃO,Brasil,canal de conteúdo em geral,FUNDACAO ROBERTO MARINHO,1997-09-22
CANAL FUTURA HD,canal de programação comum,29527413000100,programadora brasileira independente,42130002,canal ofertado em pacote,ALTA DEFINIÇÃO,Brasil,canal de conteúdo em geral,FUNDACAO ROBERTO MARINHO,2017-10-17
CANAL FX,canal de espaço qualificado,,programadora estrangeira,627630002,canal ofertado em pacote,PADRÃO,Estados Unidos,canal de conteúdo em geral,TFCF LATIN AMERICAN CHANNEL LLC,2005-01-01
CANAL LIKE,canal de programação comum,28120721000154,"programadora brasileira independente nos termos do art.17, §5º da lei 12.485/2011",3774630001,canal ofertado em pacote,ALTA DEFINIÇÃO,Brasil,canal de conteúdo em geral,CANAL LIKE PROGRAMAÇÃO LTDA,2018-04-24
CANAL LIKE+ HD,canal de programação comum,28120721000154,"programadora brasileira independente nos termos do art.17, §5º da lei 12.485/2011",3774630002,canal ofertado em pacote,ALTA DEFINIÇÃO,Brasil,canal de conteúdo em geral,CANAL LIKE PROGRAMAÇÃO LTDA,2024-06-09
CANAL LIKE+ SD,canal de programação comum,28120721000154,"programadora brasileira independente nos termos do art.17, §5º da lei 12.485/2011",3774630003,canal ofertado em pacote,PADRÃO,Brasil,canal de conteúdo em geral,CANAL LIKE PROGRAMAÇÃO LTDA,2024-06-09
CANAL PAULISTÃO 1 - HD,canal de programação comum,29037988000145,"programadora brasileira independente nos termos do art.17, §5º da lei 12.485/2011",4418130016,canal à la carte,ALTA DEFINIÇÃO,Brasil,canal de conteúdo esportivo,LIVEMODE SERVICOS DIGITAIS S.A.,2021-12-15
CANAL PAULISTÃO 1 - SD,canal de programação comum,29037988000145,"programadora brasileira independente nos termos do art.17, §5º da lei 12.485/2011",4418130015,canal à la carte,PADRÃO,Brasil,canal de conteúdo esportivo,LIVEMODE SERVICOS DIGITAIS S.A.,2021-12-15
CANAL PAULISTÃO 2 - HD,canal de programação comum,29037988000145,"programadora brasileira independente nos termos do art.17, §5º da lei 12.485/2011",4418130018,canal à la carte,ALTA DEFINIÇÃO,Brasil,canal de conteúdo esportivo,LIVEMODE SERVICOS DIGITAIS S.A.,2021-12-15
CANAL PAULISTÃO 2 - SD,canal de programação comum,29037988000145,"programadora brasileira independente nos termos do art.17, §5º da lei 12.485/2011",4418130017,canal à la carte,PADRÃO,Brasil,canal de conteúdo esportivo,LIVEMODE SERVICOS DIGITAIS S.A.,2021-12-15
CANAL PAULISTÃO 3 - HD,canal de programação comum,29037988000145,"programadora brasileira independente nos termos do art.17, §5º da lei 12.485/2011",4418130020,canal à la carte,ALTA DEFINIÇÃO,Brasil,canal de conteúdo esportivo,LIVEMODE SERVICOS DIGITAIS S.A.,2021-12-15
CANAL PAULISTÃO 3 - SD,canal de programação comum,29037988000145,"programadora brasileira independente nos termos do art.17, §5º da lei 12.485/2011",4418130019,canal à la carte,PADRÃO,Brasil,canal de conteúdo esportivo,LIVEMODE SERVICOS DIGITAIS S.A.,2021-12-15
CANAL RURAL HD,canal de programação comum,01815092000120,"programadora brasileira independente nos termos do art.17, §5º da lei 12.485/2011",445230004,canal ofertado em pacote,ALTA DEFINIÇÃO,Brasil,canal de televenda ou infomercial,CANAL RURAL PRODUCOES LTDA,2022-07-05
CANAL RURAL SD,canal de programação comum,01815092000120,"programadora brasileira independente nos termos do art.17, §5º da lei 12.485/2011",445230001,canal ofertado em pacote,PADRÃO,Brasil,canal de televenda ou infomercial,CANAL RURAL PRODUCOES LTDA,1998-10-27
CANAL SIDYS,canal de programação comum,17054936000106,"programadora brasileira independente nos termos do art.17, §5º da lei 12.485/2011",2303330001,canal ofertado em pacote,PADRÃO,Brasil,canal de conteúdo jornalístico,SIDY'S TV LTDA,2012-11-10
CANAL TCM 10 HD,canal de programação comum,04209895000120,programadora brasileira,2381730001,canal ofertado em pacote,ALTA DEFINIÇÃO,Brasil,canal de conteúdo jornalístico,PROGRAMADORA CANAL TCM LTDA,2000-12-22
CARTOON NETWORK,canal de espaço qualificado,05583971000125,programadora estrangeira,4040330002,canal ofertado em pacote,PADRÃO,Estados Unidos,canal de conteúdo infantil e adolescente,"TURNER INTERNATIONAL LATIN AMERICA, INC",1993-04-30
CARTOON NETWORK HD,canal de espaço qualificado,05583971000125,programadora estrangeira,4040330016,canal ofertado em pacote,ALTA DEFINIÇÃO,Estados Unidos,canal de conteúdo infantil e adolescente,"TURNER INTERNATIONAL LATIN AMERICA, INC",2014-02-27
CARTOONITO,canal de espaço qualificado,05583971000125,programadora estrangeira,4040330001,canal ofertado em pacote,PADRÃO,Estados Unidos,canal de conteúdo infantil e adolescente,"TURNER INTERNATIONAL LATIN AMERICA, INC",2001-07-03
CARTOONITO HD,canal de espaço qualificado,05583971000125,programadora estrangeira,4040330023,canal ofertado em pacote,ALTA DEFINIÇÃO,Estados Unidos,canal de conteúdo infantil e adolescente,"TURNER INTERNATIONAL LATIN AMERICA, INC",2017-04-01
CHEF TV,canal brasileiro de espaço qualificado,71841282000106,programadora brasileira independente,1816030001,canal ofertado em pacote,PADRÃO,Brasil,canal de conteúdo em geral,"MÍDIA DO BRASIL COMUNICAÇÕES, SERVIÇOS DE TELEVISÃO LTDA",2011-01-17
CHEF TV HD,canal brasileiro de espaço qualificado,71841282000106,programadora brasileira independente,1816030003,canal ofertado em pacote,ALTA DEFINIÇÃO,Brasil,canal de conteúdo em geral,"MÍDIA DO BRASIL COMUNICAÇÕES, SERVIÇOS DE TELEVISÃO LTDA",2013-03-21
CINEBRASILTV,"canal brasileiro de espaço qualificado nos termos do art. 17, §5º da lei 12.485/2011",73560195000106,"programadora brasileira independente nos termos do art.17, §5º da lei 12.485/2011",25930001,canal ofertado em pacote,PADRÃO,Brasil,canal de conteúdo em geral,CONCEITO A EM AUDIOVISUAL S.A,2004-07-10
CINEBRASILTV HD,"canal brasileiro de espaço qualificado nos termos do art. 17, §5º da lei 12.485/2011",73560195000106,"programadora brasileira independente nos termos do art.17, §5º da lei 12.485/2011",25930002,canal ofertado em pacote,ALTA DEFINIÇÃO,Brasil,canal de conteúdo em geral,CONCEITO A EM AUDIOVISUAL S.A,2018-04-23
CINECANAL,canal de espaço qualificado,,programadora estrangeira,627630010,canal ofertado em pacote,PADRÃO,Estados Unidos,canal de conteúdo em geral,TFCF LATIN AMERICAN CHANNEL LLC,2005-01-01
CINECANAL HD,canal de espaço qualificado,,programadora estrangeira,627630018,canal ofertado em pacote,ALTA DEFINIÇÃO,Estados Unidos,canal de conteúdo em geral,TFCF LATIN AMERICAN CHANNEL LLC,2015-08-03
CINEMAX,canal de espaço qualificado,05517603000189,programadora estrangeira,626130001,canal ofertado em pacote,PADRÃO,Estados Unidos,canal de conteúdo em geral,"BRASIL DISTRIBUTION, L.L.C.",2024-01-01
CINEMAX HD,canal de espaço qualificado,05517603000189,programadora estrangeira,626130002,canal ofertado em pacote,ALTA DEFINIÇÃO,Estados Unidos,canal de conteúdo em geral,"BRASIL DISTRIBUTION, L.L.C.",2024-01-01
CNN BRASIL,canal de programação comum,32161939000124,"programadora brasileira independente nos termos do art.17, §5º da lei 12.485/2011",4279330001,canal ofertado em pacote,ALTA DEFINIÇÃO,Brasil,canal de conteúdo jornalístico,NOVUS MIDIA S.A.,2020-03-15
CNN BRASIL 1,canal de programação comum,32161939000124,"programadora brasileira independente nos termos do art.17, §5º da lei 12.485/2011",4279330002,canal ofertado em pacote,PADRÃO,Brasil,canal de conteúdo jornalístico,NOVUS MIDIA S.A.,2023-07-01
CNN INTERNATIONAL,canal de programação comum,05583971000125,programadora estrangeira,4040330005,canal ofertado em pacote,PADRÃO,Estados Unidos,canal de conteúdo jornalístico,"TURNER INTERNATIONAL LATIN AMERICA, INC",1989-01-01
COMBATE,canal de programação comum,27865757000102,programadora brasileira independente,472730010,"canal ofertado em pacote, canal à la carte, pay-per-view",PADRÃO,Brasil,canal de conteúdo esportivo,GLOBO COMUNICACAO E PARTICIPACOES S/A,2020-01-01
COMBATE 2,canal de programação comum,27865757000102,programadora brasileira independente,472730100,"canal ofertado em pacote, canal à la carte, pay-per-view",ALTA DEFINIÇÃO,Brasil,canal de conteúdo esportivo,GLOBO COMUNICACAO E PARTICIPACOES S/A,2020-01-01
COMBATE HD,canal de programação comum,27865757000102,programadora brasileira independente,472730099,"canal ofertado em pacote, canal à la carte, pay-per-view",ALTA DEFINIÇÃO,Brasil,canal de conteúdo esportivo,GLOBO COMUNICACAO E PARTICIPACOES S/A,2020-01-01
COMEDY CENTRAL,canal de espaço qualificado,,programadora estrangeira,620930007,canal ofertado em pacote,PADRÃO,Estados Unidos,canal de conteúdo em geral,MTV NETWORKS LATIN AMERICA INC.,2012-02-01
COMEDY CENTRAL HD,canal de espaço qualificado,,programadora estrangeira,620930008,canal ofertado em pacote,ALTA DEFINIÇÃO,Estados Unidos,canal de conteúdo em geral,MTV NETWORKS LATIN AMERICA INC.,2012-02-01
CONMEBOL TV 01 HD,canal de programação comum,,programadora estrangeira,4745230002,"canal à la carte, pay-per-view",ALTA DEFINIÇÃO,Paraguai,canal de conteúdo esportivo,CONFEDERACION SUDAMERICANA DE FUTBOL,2021-01-01
CONMEBOL TV 02 HD,canal de programação comum,,programadora estrangeira,4745230004,"canal à la carte, pay-per-view",ALTA DEFINIÇÃO,Paraguai,canal de conteúdo esportivo,CONFEDERACION SUDAMERICANA DE FUTBOL,2021-01-01
CONMEBOL TV 03 HD,canal de programação comum,,programadora estrangeira,4745230006,"canal à la carte, pay-per-view",ALTA DEFINIÇÃO,Paraguai,canal de conteúdo esportivo,CONFEDERACION SUDAMERICANA DE FUTBOL,2021-01-01
CONMEBOL TV 04 HD,canal de programação comum,,programadora estrangeira,4745230008,"canal à la carte, pay-per-view",ALTA DEFINIÇÃO,Paraguai,canal de conteúdo esportivo,CONFEDERACION SUDAMERICANA DE FUTBOL,2021-01-01
CURTA! O CANAL INDEPENDENTE,"canal brasileiro de espaço qualificado nos termos do art. 17, §5º da lei 12.485/2011",17164803000184,"programadora brasileira independente nos termos do art.17, §5º da lei 12.485/2011",2283130001,canal ofertado em pacote,PADRÃO,Brasil,canal de conteúdo em geral,CURTA! PROGRAMADORA DE CANAIS DE TV LTDA,2012-11-01
CURTA! O CANAL INDEPENDENTE HD,"canal brasileiro de espaço qualificado nos termos do art. 17, §5º da lei 12.485/2011",17164803000184,"programadora brasileira independente nos termos do art.17, §5º da lei 12.485/2011",2283130003,canal ofertado em pacote,ALTA DEFINIÇÃO,Brasil,canal de conteúdo em geral,CURTA! PROGRAMADORA DE CANAIS DE TV LTDA,2017-09-01
CÑN (EN ESPAÑOL),canal não adaptado ao mercado brasileiro,05583971000125,programadora estrangeira,4040330006,canal ofertado em pacote,PADRÃO,Estados Unidos,canal de conteúdo jornalístico,"TURNER INTERNATIONAL LATIN AMERICA, INC",1999-03-01
DISCOVERY CHANNEL,canal de espaço qualificado,,programadora estrangeira,2603930002,canal ofertado em pacote,PADRÃO,Espanha,canal de conteúdo em geral,"DISCOVERY NETWORKS, SL",1996-04-01
DISCOVERY CHANNEL HD,canal de espaço qualificado,,programadora estrangeira,2603930014,canal ofertado em pacote,ALTA DEFINIÇÃO,Espanha,canal de conteúdo em geral,"DISCOVERY NETWORKS, SL",2012-12-04
DISCOVERY HOME AND HEALTH,canal de espaço qualificado,,programadora estrangeira,2603930005,canal ofertado em pacote,PADRÃO,Espanha,canal de conteúdo em geral,"DISCOVERY NETWORKS, SL",2000-07-10
DISCOVERY HOME AND HEALTH HD,canal de espaço qualificado,,programadora estrangeira,2603930012,canal ofertado em pacote,ALTA DEFINIÇÃO,Espanha,canal de conteúdo em geral,"DISCOVERY NETWORKS, SL",2012-12-04
DISCOVERY KIDS,canal de espaço qualificado,,programadora estrangeira,2603930006,canal ofertado em pacote,PADRÃO,Espanha,canal de conteúdo infantil e adolescente,"DISCOVERY NETWORKS, SL",1998-03-02
DISCOVERY KIDS HD,canal de espaço qualificado,,programadora estrangeira,2603930015,canal ofertado em pacote,ALTA DEFINIÇÃO,Espanha,canal de conteúdo infantil e adolescente,"DISCOVERY NETWORKS, SL",2013-04-15
DISCOVERY SCIENCE,canal de espaço qualificado,,programadora estrangeira,2603930007,canal ofertado em pacote,PADRÃO,Espanha,canal de conteúdo em geral,"DISCOVERY NETWORKS, SL",2005-02-28
DISCOVERY SCIENCE HD,canal de espaço qualificado,,programadora estrangeira,2603930019,canal ofertado em pacote,ALTA DEFINIÇÃO,Espanha,canal de conteúdo em geral,"DISCOVERY NETWORKS, SL",2017-10-03
DISCOVERY THEATER HD,canal de espaço qualificado,,programadora estrangeira,2603930004,canal ofertado em pacote,ALTA DEFINIÇÃO,Espanha,canal de conteúdo em geral,"DISCOVERY NETWORKS, SL",2009-03-16
DISCOVERY TURBO,canal de espaço qualificado,,programadora estrangeira,2603930008,canal ofertado em pacote,PADRÃO,Espanha,canal de conteúdo em geral,"DISCOVERY NETWORKS, SL",2005-02-28
DISCOVERY TURBO HD,canal de espaço qualificado,,programadora estrangeira,2603930016,canal ofertado em pacote,ALTA DEFINIÇÃO,Espanha,canal de conteúdo em geral,"DISCOVERY NETWORKS, SL",2014-11-04
DISCOVERY WORLD HD,canal de espaço qualificado,,programadora estrangeira,2603930011,canal ofertado em pacote,ALTA DEFINIÇÃO,Espanha,canal de conteúdo em geral,"DISCOVERY NETWORKS, SL",2009-12-07
DISNEY CHANNEL,canal de espaço qualificado,,programadora estrangeira,622230001,canal ofertado em pacote,PADRÃO,Estados Unidos,canal de conteúdo infantil e adolescente,"BUENA VISTA INTERNATIONAL, INC",2001-04-01
DISNEY CHANNEL HD,canal de espaço qualificado,,programadora estrangeira,622230002,canal ofertado em pacote,ALTA DEFINIÇÃO,Estados Unidos,canal de conteúdo infantil e adolescente,"BUENA VISTA INTERNATIONAL, INC",2009-12-01
DIÁRIO TV,canal de programação comum,07002863000147,"programadora brasileira independente nos termos do art.17, §5º da lei 12.485/2011",2522730001,canal ofertado em pacote,PADRÃO,Brasil,canal de conteúdo jornalístico,GRUPO SERRA COMUNICACOES DE TERESOPOLIS LTDA - ME,2009-08-20
DREAMWORKS,canal de espaço qualificado,,programadora estrangeira,5086130001,canal ofertado em pacote,PADRÃO,Estados Unidos,canal de conteúdo infantil e adolescente,"NBC UNIVERSAL GLOBAL NETWORKS LATIN AMERICA, LLC",2022-04-01
DREAMWORKS HD,canal de espaço qualificado,,programadora estrangeira,5086130002,canal ofertado em pacote,ALTA DEFINIÇÃO,Estados Unidos,canal de conteúdo infantil e adolescente,"NBC UNIVERSAL GLOBAL NETWORKS LATIN AMERICA, LLC",2022-04-01
DUNAS TV,canal de programação comum,40341207000144,"programadora brasileira independente nos termos do art.17, §5º da lei 12.485/2011",4877230001,canal ofertado em pacote,ALTA DEFINIÇÃO,Brasil,canal de conteúdo em geral,DUNAS TELECOMUNICAÇÕES LTDA,2021-04-01
E! ENTERTAINMENT TELEVISION,canal de espaço qualificado,,programadora estrangeira,5086130005,canal ofertado em pacote,PADRÃO,Estados Unidos,canal de conteúdo em geral,"NBC UNIVERSAL GLOBAL NETWORKS LATIN AMERICA, LLC",1997-06-01
E! ENTERTAINMENT TELEVISION HD,canal de espaço qualificado,,programadora estrangeira,5086130006,canal ofertado em pacote,ALTA DEFINIÇÃO,Estados Unidos,canal de conteúdo em geral,"NBC UNIVERSAL GLOBAL NETWORKS LATIN AMERICA, LLC",2016-09-01
EMPREENDER,canal de programação comum,04334366000158,programadora brasileira,329330017,canal ofertado em pacote,ALTA DEFINIÇÃO,Brasil,canal de conteúdo jornalístico,NEWCO PROGRAMADORA E PRODUTORA DE COMUNICACAO LTDA.,2022-07-05
ESPN,canal de programação comum,00637277000120,programadora brasileira de capital estrangeiro,65330002,canal ofertado em pacote,PADRÃO,Brasil,canal de conteúdo esportivo,ESPN DO BRASIL EVENTOS ESPORTIVOS LTDA.,1995-06-13
ESPN 2,canal de programação comum,00637277000120,programadora brasileira de capital estrangeiro,65330001,canal ofertado em pacote,PADRÃO,Brasil,canal de conteúdo esportivo,ESPN DO BRASIL EVENTOS ESPORTIVOS LTDA.,1989-10-01
ESPN 2 HD,canal de programação comum,00637277000120,programadora brasileira de capital estrangeiro,65330005,canal ofertado em pacote,ALTA DEFINIÇÃO,Brasil,canal de conteúdo esportivo,ESPN DO BRASIL EVENTOS ESPORTIVOS LTDA.,2013-06-07
ESPN 3,canal de programação comum,00637277000120,programadora brasileira de capital estrangeiro,65330007,canal ofertado em pacote,PADRÃO,Brasil,canal de conteúdo esportivo,ESPN DO BRASIL EVENTOS ESPORTIVOS LTDA.,2017-01-01
ESPN 3 HD,canal de programação comum,00637277000120,programadora brasileira de capital estrangeiro,65330003,canal ofertado em pacote,ALTA DEFINIÇÃO,Brasil,canal de conteúdo esportivo,ESPN DO BRASIL EVENTOS ESPORTIVOS LTDA.,2009-04-29
ESPN 4,canal de programação comum,,programadora estrangeira,627630004,canal ofertado em pacote,PADRÃO,Estados Unidos,canal de conteúdo esportivo,TFCF LATIN AMERICAN CHANNEL LLC,2012-02-01
ESPN 4 HD,canal de programação comum,,programadora estrangeira,627630011,canal ofertado em pacote,ALTA DEFINIÇÃO,Estados Unidos,canal de conteúdo esportivo,TFCF LATIN AMERICAN CHANNEL LLC,2012-02-01
ESPN 5,canal de programação comum,,programadora estrangeira,627630012,canal ofertado em pacote,PADRÃO,Estados Unidos,canal de conteúdo esportivo,TFCF LATIN AMERICAN CHANNEL LLC,2014-01-01
ESPN 5 HD,canal de programação comum,,programadora estrangeira,627630013,canal ofertado em pacote,ALTA DEFINIÇÃO,Estados Unidos,canal de conteúdo esportivo,TFCF LATIN AMERICAN CHANNEL LLC,2014-01-01
ESPN 6,canal de programação comum,00637277000120,programadora brasileira de capital estrangeiro,65330006,canal ofertado em pacote,ALTA DEFINIÇÃO,Brasil,canal de conteúdo esportivo,ESPN DO BRASIL EVENTOS ESPORTIVOS LTDA.,2016-03-01
ESPN HD,canal de programação comum,00637277000120,programadora brasileira de capital estrangeiro,65330004,canal ofertado em pacote,ALTA DEFINIÇÃO,Brasil,canal de conteúdo esportivo,ESPN DO BRASIL EVENTOS ESPORTIVOS LTDA.,2012-08-01
EUROCHANNEL,canal de espaço qualificado,,programadora estrangeira,621430001,canal ofertado em pacote,PADRÃO,Estados Unidos,canal de conteúdo em geral,"EUROCHANNEL, INC",2001-10-03
EURONEWS,canal não adaptado ao mercado brasileiro,,programadora estrangeira,3057430001,"canal ofertado em pacote, canal à la carte, pay-per-view",PADRÃO,França,canal de conteúdo em geral,EURONEWS S.A.,2015-08-04
FASHION TV BRAZIL,canal brasileiro de espaço qualificado,07254174000120,"programadora brasileira independente nos termos do art.17, §5º da lei 12.485/2011",474430007,canal ofertado em pacote,PADRÃO,Brasil,canal de conteúdo em geral,PBI - PROGRAMADORA BRASILEIRA INDEPENDENTE S.A,2012-08-20
FASHION TV BRAZIL HD,canal brasileiro de espaço qualificado,07254174000120,"programadora brasileira independente nos termos do art.17, §5º da lei 12.485/2011",474430008,canal ofertado em pacote,ALTA DEFINIÇÃO,Brasil,canal de conteúdo em geral,PBI - PROGRAMADORA BRASILEIRA INDEPENDENTE S.A,2015-07-01
FILM & ARTS,canal de espaço qualificado,,programadora estrangeira,626830001,canal ofertado em pacote,PADRÃO,Argentina,canal de conteúdo em geral,AMC NETWORKS ARGENTINA S.C.A.,2018-06-01
FILM & ARTS HD,canal de espaço qualificado,,programadora estrangeira,626830002,canal ofertado em pacote,ALTA DEFINIÇÃO,Argentina,canal de conteúdo em geral,AMC NETWORKS ARGENTINA S.C.A.,2018-06-01
FISHTV,canal brasileiro de espaço qualificado,14807981000198,"programadora brasileira independente nos termos do art.17, §5º da lei 12.485/2011",2226930001,canal ofertado em pacote,PADRÃO,Brasil,canal de conteúdo em geral,TUNNA ENTRETENIMENTO E AUDIOVISUAL LTDA,2012-06-29
FISHTV HD,canal brasileiro de espaço qualificado,14807981000198,"programadora brasileira independente nos termos do art.17, §5º da lei 12.485/2011",2226930002,canal ofertado em pacote,ALTA DEFINIÇÃO,Brasil,canal de conteúdo em geral,TUNNA ENTRETENIMENTO E AUDIOVISUAL LTDA,2018-02-01
FOOD NETWORK,canal de espaço qualificado,,programadora estrangeira,2603930021,canal ofertado em pacote,PADRÃO,Espanha,canal de conteúdo em geral,"DISCOVERY NETWORKS, SL",2014-03-01
FOOD NETWORK HD,canal de espaço qualificado,,programadora estrangeira,2603930022,canal ofertado em pacote,ALTA DEFINIÇÃO,Espanha,canal de conteúdo em geral,"DISCOVERY NETWORKS, SL",2014-03-01
FUEL TV,canal de programação comum,,programadora estrangeira,4529730001,"canal ofertado em pacote, canal à la carte",ALTA DEFINIÇÃO,Portugal,canal de conteúdo em geral,FUEL TV EMEA S.A.,2020-10-01
FX HD,canal de espaço qualificado,,programadora estrangeira,627630016,canal ofertado em pacote,ALTA DEFINIÇÃO,Estados Unidos,canal de conteúdo em geral,TFCF LATIN AMERICAN CHANNEL LLC,2014-06-02
GLOBO NEWS,canal de programação comum,27865757000102,programadora brasileira independente,472730002,canal ofertado em pacote,PADRÃO,Brasil,canal de conteúdo jornalístico,GLOBO COMUNICACAO E PARTICIPACOES S/A,1996-10-15
GLOBO NEWS HD,canal de programação comum,27865757000102,programadora brasileira independente,472730003,canal ofertado em pacote,ALTA DEFINIÇÃO,Brasil,canal de conteúdo jornalístico,GLOBO COMUNICACAO E PARTICIPACOES S/A,2013-02-03
GLOOB,canal de espaço qualificado,27865757000102,programadora brasileira independente,472730005,canal ofertado em pacote,PADRÃO,Brasil,canal de conteúdo infantil e adolescente,GLOBO COMUNICACAO E PARTICIPACOES S/A,2020-01-01
GLOOB (EM HD),canal de espaço qualificado,27865757000102,programadora brasileira independente,472730018,canal ofertado em pacote,ALTA DEFINIÇÃO,Brasil,canal de conteúdo infantil e adolescente,GLOBO COMUNICACAO E PARTICIPACOES S/A,2020-01-01
GLOOBINHO,canal de espaço qualificado,27865757000102,programadora brasileira independente,472730095,canal ofertado em pacote,ALTA DEFINIÇÃO,Brasil,canal de conteúdo infantil e adolescente,GLOBO COMUNICACAO E PARTICIPACOES S/A,2020-01-01
GNT,canal de espaço qualificado,27865757000102,programadora brasileira independente,472730006,canal ofertado em pacote,PADRÃO,Brasil,canal de conteúdo em geral,GLOBO COMUNICACAO E PARTICIPACOES S/A,2020-01-01
GNT HD,canal de espaço qualificado,27865757000102,programadora brasileira independente,472730014,canal ofertado em pacote,ALTA DEFINIÇÃO,Brasil,canal de conteúdo em geral,GLOBO COMUNICACAO E PARTICIPACOES S/A,2020-01-01
H2,canal de espaço qualificado,,programadora estrangeira,2239930003,canal ofertado em pacote,PADRÃO,Estados Unidos,canal de conteúdo em geral,"HISTORY CHANNEL BRAZIL DISTRIBUTION, LLC",2014-10-01
H2 HD,canal de espaço qualificado,,programadora estrangeira,2239930004,canal ofertado em pacote,ALTA DEFINIÇÃO,Estados Unidos,canal de conteúdo em geral,"HISTORY CHANNEL BRAZIL DISTRIBUTION, LLC",2014-10-01
HBO,canal de espaço qualificado,05517603000189,programadora estrangeira,626130003,"canal ofertado em pacote, canal à la carte",PADRÃO,Estados Unidos,canal de conteúdo em geral,"BRASIL DISTRIBUTION, L.L.C.",2024-01-01
HBO (EM HD),canal de espaço qualificado,05517603000189,programadora estrangeira,626130004,"canal ofertado em pacote, canal à la carte",ALTA DEFINIÇÃO,Estados Unidos,canal de conteúdo em geral,"BRASIL DISTRIBUTION, L.L.C.",2024-01-01
HBO 2,canal de espaço qualificado,05517603000189,programadora estrangeira,626130019,"canal ofertado em pacote, canal à la carte",PADRÃO,Estados Unidos,canal de conteúdo em geral,"BRASIL DISTRIBUTION, L.L.C.",2024-01-01
HBO 2 (EM HD),canal de espaço qualificado,05517603000189,programadora estrangeira,626130020,"canal ofertado em pacote, canal à la carte",ALTA DEFINIÇÃO,Estados Unidos,canal de conteúdo em geral,"BRASIL DISTRIBUTION, L.L.C.",2024-01-01
HBO FAMILY,canal de espaço qualificado,05517603000189,programadora estrangeira,626130005,"canal ofertado em pacote, canal à la carte",PADRÃO,Estados Unidos,canal de conteúdo em geral,"BRASIL DISTRIBUTION, L.L.C.",2024-01-01
HBO FAMILY (EM HD),canal de espaço qualificado,05517603000189,programadora estrangeira,626130006,"canal ofertado em pacote, canal à la carte",ALTA DEFINIÇÃO,Estados Unidos,canal de conteúdo em geral,"BRASIL DISTRIBUTION, L.L.C.",2024-01-01
HBO MUNDI,canal de espaço qualificado,05517603000189,programadora estrangeira,626130008,"canal ofertado em pacote, canal à la carte",PADRÃO,Estados Unidos,canal de conteúdo em geral,"BRASIL DISTRIBUTION, L.L.C.",2024-01-01
HBO MUNDI HD,canal de espaço qualificado,05517603000189,programadora estrangeira,626130009,"canal ofertado em pacote, canal à la carte",ALTA DEFINIÇÃO,Estados Unidos,canal de conteúdo em geral,"BRASIL DISTRIBUTION, L.L.C.",2024-01-01
HBO PLUS,canal de espaço qualificado,05517603000189,programadora estrangeira,626130010,"canal ofertado em pacote, canal à la carte",PADRÃO,Estados Unidos,canal de conteúdo em geral,"BRASIL DISTRIBUTION, L.L.C.",2024-01-01
HBO PLUS (EM HD),canal de espaço qualificado,05517603000189,programadora estrangeira,626130011,"canal ofertado em pacote, canal à la carte",ALTA DEFINIÇÃO,Estados Unidos,canal de conteúdo em geral,"BRASIL DISTRIBUTION, L.L.C.",2024-01-01
HBO POP,canal de espaço qualificado,05517603000189,programadora estrangeira,626130013,"canal ofertado em pacote, canal à la carte",PADRÃO,Estados Unidos,canal de conteúdo em geral,"BRASIL DISTRIBUTION, L.L.C.",2024-01-01
HBO POP HD,canal de espaço qualificado,05517603000189,programadora estrangeira,626130014,"canal ofertado em pacote, canal à la carte",ALTA DEFINIÇÃO,Estados Unidos,canal de conteúdo em geral,"BRASIL DISTRIBUTION, L.L.C.",2024-01-01
HBO SIGNATURE,canal de espaço qualificado,05517603000189,programadora estrangeira,626130015,"canal ofertado em pacote, canal à la carte",PADRÃO,Estados Unidos,canal de conteúdo em geral,"BRASIL DISTRIBUTION, L.L.C.",2024-01-01
HBO SIGNATURE (EM HD),canal de espaço qualificado,05517603000189,programadora estrangeira,626130016,"canal ofertado em pacote, canal à la carte",ALTA DEFINIÇÃO,Estados Unidos,canal de conteúdo em geral,"BRASIL DISTRIBUTION, L.L.C.",2024-01-01
HBO XTREME,canal de espaço qualificado,05517603000189,programadora estrangeira,626130017,"canal ofertado em pacote, canal à la carte",PADRÃO,Estados Unidos,canal de conteúdo em geral,"BRASIL DISTRIBUTION, L.L.C.",2024-01-01
HBO XTREME HD,canal de espaço qualificado,05517603000189,programadora estrangeira,626130018,"canal ofertado em pacote, canal à la carte",ALTA DEFINIÇÃO,Estados Unidos,canal de conteúdo em geral,"BRASIL DISTRIBUTION, L.L.C.",2024-01-01
HGTV HD,canal de espaço qualificado,,programadora estrangeira,2603930024,canal ofertado em pacote,ALTA DEFINIÇÃO,Espanha,canal de conteúdo em geral,"DISCOVERY NETWORKS, SL",2019-06-10
HGTV SD,canal de espaço qualificado,,programadora estrangeira,2603930023,canal ofertado em pacote,PADRÃO,Espanha,canal de conteúdo em geral,"DISCOVERY NETWORKS, SL",2019-06-10
INVESTIGAÇÃO DISCOVERY,canal de espaço qualificado,,programadora estrangeira,2603930009,canal ofertado em pacote,PADRÃO,Espanha,canal de conteúdo em geral,"DISCOVERY NETWORKS, SL",2012-07-09
INVESTIGAÇÃO DISCOVERY HD,canal de espaço qualificado,,programadora estrangeira,2603930013,canal ofertado em pacote,ALTA DEFINIÇÃO,Espanha,canal de conteúdo em geral,"DISCOVERY NETWORKS, SL",2012-12-04
JOVEM PAN NEWS,canal de programação comum,56137979000107,"programadora brasileira independente nos termos do art.17, §5º da lei 12.485/2011",4972330001,canal ofertado em pacote,ALTA DEFINIÇÃO,Brasil,canal de conteúdo jornalístico,DIGITAL SEVEN PRODUTORA E DISTRIBUIDORA EIRELI,2021-10-27
LIFETIME,canal de espaço qualificado,,programadora estrangeira,2706030001,canal ofertado em pacote,PADRÃO,Estados Unidos,canal de conteúdo em geral,"LIFETIME BRAZIL DISTRIBUTION, LLC.",2014-07-01
LIFETIME HD,canal de espaço qualificado,,programadora estrangeira,2706030002,canal ofertado em pacote,ALTA DEFINIÇÃO,Estados Unidos,canal de conteúdo em geral,"LIFETIME BRAZIL DISTRIBUTION, LLC.",2016-11-06
LIVETV,canal de programação comum,00589639000154,"programadora brasileira independente nos termos do art.17, §5º da lei 12.485/2011",5268630001,canal ofertado em pacote,PADRÃO,Brasil,canal de televenda ou infomercial,ZIGON COMUNICACOES LTDA,2023-03-15
LIVETV,canal de programação comum,50187341000196,"programadora brasileira independente nos termos do art.17, §5º da lei 12.485/2011",5728530001,canal ofertado em pacote,ALTA DEFINIÇÃO,Brasil,canal de televenda ou infomercial,LIVE TV SP LTDA,2023-04-03
LMC+,canal de espaço qualificado,24815120000105,"programadora brasileira independente nos termos do art.17, §5º da lei 12.485/2011",5256030001,canal ofertado em pacote,ALTA DEFINIÇÃO,Brasil,canal de conteúdo em geral,NIRVANA TECNOLOGIA DIGITAL LTDA,2023-09-15
MACAE TV,canal de programação comum,14185374000133,"programadora brasileira independente nos termos do art.17, §5º da lei 12.485/2011",4033530001,canal ofertado em pacote,ALTA DEFINIÇÃO,Brasil,canal de conteúdo em geral,MACAÉ TV LTDA,2018-03-01
MARKKET,canal de programação comum,07254174000120,"programadora brasileira independente nos termos do art.17, §5º da lei 12.485/2011",474430011,canal ofertado em pacote,PADRÃO,Brasil,canal de televenda ou infomercial,PBI - PROGRAMADORA BRASILEIRA INDEPENDENTE S.A,2022-03-01
MARKKET HD,canal de programação comum,07254174000120,"programadora brasileira independente nos termos do art.17, §5º da lei 12.485/2011",474430012,canal ofertado em pacote,ALTA DEFINIÇÃO,Brasil,canal de televenda ou infomercial,PBI - PROGRAMADORA BRASILEIRA INDEPENDENTE S.A,2022-03-01
MAS CHIC,canal não adaptado ao mercado brasileiro,06147448000119,programadora estrangeira,621130001,canal ofertado em pacote,PADRÃO,Estados Unidos,canal de conteúdo em geral,AMC NETWORKS LATIN AMERICA LLC,2005-08-01
MASTER,canal de programação comum,03187306000197,"programadora brasileira independente nos termos do art.17, §5º da lei 12.485/2011",2092530001,canal ofertado em pacote,PADRÃO,Brasil,canal de conteúdo em geral,PREDICIT COMUNICAÇÕES LTDA-ME,2001-07-04
MEGAPIX,canal de espaço qualificado,00252848000108,programadora brasileira de capital estrangeiro,3930012,canal ofertado em pacote,PADRÃO,Brasil,canal de conteúdo em geral,TELECINE PROGRAMACAO DE FILMES LTDA,2008-07-01
MEGAPIX HD,canal de espaço qualificado,00252848000108,programadora brasileira de capital estrangeiro,3930013,canal ofertado em pacote,ALTA DEFINIÇÃO,Brasil,canal de conteúdo em geral,TELECINE PROGRAMACAO DE FILMES LTDA,2010-08-01
MODO VIAGEM,canal brasileiro de espaço qualificado,27865757000102,programadora brasileira independente,472730017,canal ofertado em pacote,PADRÃO,Brasil,canal de conteúdo em geral,GLOBO COMUNICACAO E PARTICIPACOES S/A,2020-01-01
MODO VIAGEM (HD),canal brasileiro de espaço qualificado,27865757000102,programadora brasileira independente,472730012,canal ofertado em pacote,ALTA DEFINIÇÃO,Brasil,canal de conteúdo em geral,GLOBO COMUNICACAO E PARTICIPACOES S/A,2020-01-01
MTV,canal de espaço qualificado,,programadora estrangeira,620930009,canal ofertado em pacote,PADRÃO,Estados Unidos,canal de conteúdo em geral,MTV NETWORKS LATIN AMERICA INC.,2013-10-01
MTV HD,canal de espaço qualificado,,programadora estrangeira,620930011,canal ofertado em pacote,ALTA DEFINIÇÃO,Estados Unidos,canal de conteúdo em geral,MTV NETWORKS LATIN AMERICA INC.,2013-10-01
MTV LIVE HD,canal não adaptado ao mercado brasileiro,,programadora estrangeira,620930016,canal ofertado em pacote,ALTA DEFINIÇÃO,Estados Unidos,canal de conteúdo videomusical,MTV NETWORKS LATIN AMERICA INC.,2018-07-15
MULTISHOW,canal de espaço qualificado,27865757000102,programadora brasileira independente,472730119,canal ofertado em pacote,PADRÃO,Brasil,canal de conteúdo em geral,GLOBO COMUNICACAO E PARTICIPACOES S/A,2020-01-01
MULTISHOW HD,canal de espaço qualificado,27865757000102,programadora brasileira independente,472730021,canal ofertado em pacote,ALTA DEFINIÇÃO,Brasil,canal de conteúdo em geral,GLOBO COMUNICACAO E PARTICIPACOES S/A,2020-01-01
MUSIC BOX BRAZIL,canal brasileiro de espaço qualificado,07254174000120,"programadora brasileira independente nos termos do art.17, §5º da lei 12.485/2011",474430003,canal ofertado em pacote,PADRÃO,Brasil,canal de conteúdo videomusical,PBI - PROGRAMADORA BRASILEIRA INDEPENDENTE S.A,2012-08-20
MUSIC BOX BRAZIL HD,canal brasileiro de espaço qualificado,07254174000120,"programadora brasileira independente nos termos do art.17, §5º da lei 12.485/2011",474430004,canal ofertado em pacote,ALTA DEFINIÇÃO,Brasil,canal de conteúdo videomusical,PBI - PROGRAMADORA BRASILEIRA INDEPENDENTE S.A,2012-09-15
NATIONAL GEOGRAPHIC,canal de espaço qualificado,,programadora estrangeira,627630001,canal ofertado em pacote,PADRÃO,Estados Unidos,canal de conteúdo em geral,TFCF LATIN AMERICAN CHANNEL LLC,2000-01-01
NATIONAL GEOGRAPHIC HD,canal de espaço qualificado,,programadora estrangeira,627630017,canal ofertado em pacote,ALTA DEFINIÇÃO,Estados Unidos,canal de conteúdo em geral,TFCF LATIN AMERICAN CHANNEL LLC,2014-06-02
NEW BRASIL,canal de programação comum,26674863000138,programadora brasileira independente,4245530003,canal ofertado em pacote,ALTA DEFINIÇÃO,Brasil,canal de conteúdo jornalístico,ASTARTE PRODUTORA LTDA.,2024-02-22
NICK JR,canal de espaço qualificado,,programadora estrangeira,620930003,canal ofertado em pacote,PADRÃO,Estados Unidos,canal de conteúdo infantil e adolescente,MTV NETWORKS LATIN AMERICA INC.,2008-04-01
NICK JR HD,canal de espaço qualificado,,programadora estrangeira,620930015,canal ofertado em pacote,ALTA DEFINIÇÃO,Estados Unidos,canal de conteúdo infantil e adolescente,MTV NETWORKS LATIN AMERICA INC.,2017-06-01
NICKELODEON,canal de espaço qualificado,,programadora estrangeira,620930001,canal ofertado em pacote,PADRÃO,Estados Unidos,canal de conteúdo infantil e adolescente,MTV NETWORKS LATIN AMERICA INC.,1996-12-01
NICKELODEON HD,canal de espaço qualificado,,programadora estrangeira,620930014,canal ofertado em pacote,ALTA DEFINIÇÃO,Estados Unidos,canal de conteúdo infantil e adolescente,MTV NETWORKS LATIN AMERICA INC.,2015-07-17
NORDESTE FC 1 - HD,canal de programação comum,29037988000145,"programadora brasileira independente nos termos do art.17, §5º da lei 12.485/2011",4418130002,canal à la carte,ALTA DEFINIÇÃO,Brasil,canal de conteúdo esportivo,LIVEMODE SERVICOS DIGITAIS S.A.,2021-01-26
NORDESTE FC 1 - SD,canal de programação comum,29037988000145,"programadora brasileira independente nos termos do art.17, §5º da lei 12.485/2011",4418130001,canal à la carte,PADRÃO,Brasil,canal de conteúdo esportivo,LIVEMODE SERVICOS DIGITAIS S.A.,2021-01-26
NORDESTE FC 2 - HD,canal de programação comum,29037988000145,"programadora brasileira independente nos termos do art.17, §5º da lei 12.485/2011",4418130004,canal à la carte,ALTA DEFINIÇÃO,Brasil,canal de conteúdo esportivo,LIVEMODE SERVICOS DIGITAIS S.A.,2021-01-26
NORDESTE FC 2 - SD,canal de programação comum,29037988000145,"programadora brasileira independente nos termos do art.17, §5º da lei 12.485/2011",4418130003,canal à la carte,PADRÃO,Brasil,canal de conteúdo esportivo,LIVEMODE SERVICOS DIGITAIS S.A.,2021-01-26
NORDESTE FC 3 - HD,canal de programação comum,29037988000145,"programadora brasileira independente nos termos do art.17, §5º da lei 12.485/2011",4418130006,canal à la carte,ALTA DEFINIÇÃO,Brasil,canal de conteúdo esportivo,LIVEMODE SERVICOS DIGITAIS S.A.,2021-02-26
NORDESTE FC 3 - SD,canal de programação comum,29037988000145,"programadora brasileira independente nos termos do art.17, §5º da lei 12.485/2011",4418130005,canal à la carte,PADRÃO,Brasil,canal de conteúdo esportivo,LIVEMODE SERVICOS DIGITAIS S.A.,2021-02-26
NORDESTE FC 4 - HD,canal de programação comum,29037988000145,"programadora brasileira independente nos termos do art.17, §5º da lei 12.485/2011",4418130008,canal à la carte,ALTA DEFINIÇÃO,Brasil,canal de conteúdo esportivo,LIVEMODE SERVICOS DIGITAIS S.A.,2021-04-10
NORDESTE FC 4 - SD,canal de programação comum,29037988000145,"programadora brasileira independente nos termos do art.17, §5º da lei 12.485/2011",4418130007,canal à la carte,PADRÃO,Brasil,canal de conteúdo esportivo,LIVEMODE SERVICOS DIGITAIS S.A.,2021-04-10
NORDESTE FC 5 - HD,canal de programação comum,29037988000145,"programadora brasileira independente nos termos do art.17, §5º da lei 12.485/2011",4418130010,canal à la carte,ALTA DEFINIÇÃO,Brasil,canal de conteúdo esportivo,LIVEMODE SERVICOS DIGITAIS S.A.,2021-04-10
NORDESTE FC 5 - SD,canal de programação comum,29037988000145,"programadora brasileira independente nos termos do art.17, §5º da lei 12.485/2011",4418130009,canal à la carte,PADRÃO,Brasil,canal de conteúdo esportivo,LIVEMODE SERVICOS DIGITAIS S.A.,2021-04-10
NORDESTE FC 6 - HD,canal de programação comum,29037988000145,"programadora brasileira independente nos termos do art.17, §5º da lei 12.485/2011",4418130012,canal à la carte,ALTA DEFINIÇÃO,Brasil,canal de conteúdo esportivo,LIVEMODE SERVICOS DIGITAIS S.A.,2021-04-10
NORDESTE FC 6 - SD,canal de programação comum,29037988000145,"programadora brasileira independente nos termos do art.17, §5º da lei 12.485/2011",4418130011,canal à la carte,PADRÃO,Brasil,canal de conteúdo esportivo,LIVEMODE SERVICOS DIGITAIS S.A.,2021-04-10
NORDESTE FC 7 - HD,canal de programação comum,29037988000145,"programadora brasileira independente nos termos do art.17, §5º da lei 12.485/2011",4418130014,canal à la carte,ALTA DEFINIÇÃO,Brasil,canal de conteúdo esportivo,LIVEMODE SERVICOS DIGITAIS S.A.,2021-04-10
NORDESTE FC 7 - SD,canal de programação comum,29037988000145,"programadora brasileira independente nos termos do art.17, §5º da lei 12.485/2011",4418130013,canal à la carte,PADRÃO,Brasil,canal de conteúdo esportivo,LIVEMODE SERVICOS DIGITAIS S.A.,2021-04-10
NOSSA TV HD,canal de programação comum,08626106000107,,4214930002,canal ofertado em pacote,ALTA DEFINIÇÃO,Brasil,canal de conteúdo em geral,COMUNICACAO MOSSOROENSE LTDA,2019-05-07
NOSSA TV SD,canal de programação comum,08626106000107,,4214930001,canal ofertado em pacote,PADRÃO,Brasil,canal de conteúdo em geral,COMUNICACAO MOSSOROENSE LTDA,2019-05-07
NOSSO FUTEBOL HD,canal de programação comum,41817089000160,"programadora brasileira independente nos termos do art.17, §5º da lei 12.485/2011",5245830001,"canal ofertado em pacote, canal à la carte, pay-per-view",ALTA DEFINIÇÃO,Brasil,canal de conteúdo esportivo,TRINTA CONSULTORIA EM ESPORTES LTDA,2023-05-19
NOSSO FUTEBOL SD,canal de programação comum,41817089000160,"programadora brasileira independente nos termos do art.17, §5º da lei 12.485/2011",5245830002,"canal ofertado em pacote, canal à la carte, pay-per-view",PADRÃO,Brasil,canal de conteúdo esportivo,TRINTA CONSULTORIA EM ESPORTES LTDA,2023-05-19
NOVA TV,canal de programação comum,13321125000165,"programadora brasileira independente nos termos do art.17, §5º da lei 12.485/2011",3118830001,canal ofertado em pacote,ALTA DEFINIÇÃO,Brasil,canal de conteúdo em geral,NOVIDADE TV LTDA ME,2016-08-31
NSPORTS,canal de programação comum,29764291000176,"programadora brasileira independente nos termos do art.17, §5º da lei 12.485/2011",3927930001,canal ofertado em pacote,PADRÃO,Brasil,canal de conteúdo esportivo,NSPORTS CONTEÚDO ESPORTIVO S.A.,2024-03-07
NSPORTS HD,canal de programação comum,29764291000176,"programadora brasileira independente nos termos do art.17, §5º da lei 12.485/2011",3927930002,canal ofertado em pacote,ALTA DEFINIÇÃO,Brasil,canal de conteúdo esportivo,NSPORTS CONTEÚDO ESPORTIVO S.A.,2024-03-07
O CANAL DO CARRO,canal de programação comum,07950180000111,,2487430001,canal ofertado em pacote,PADRÃO,Brasil,canal de televenda ou infomercial,SUPER CDMD COMÉRCIO DE VEÍCULOS AUTOMOTORES LTDA,2012-12-01
OFF,canal brasileiro de espaço qualificado,27865757000102,programadora brasileira independente,472730121,canal ofertado em pacote,ALTA DEFINIÇÃO,Brasil,canal de conteúdo em geral,GLOBO COMUNICACAO E PARTICIPACOES S/A,2020-01-01
OFF (EM SD),canal brasileiro de espaço qualificado,27865757000102,programadora brasileira independente,472730015,canal ofertado em pacote,PADRÃO,Brasil,canal de conteúdo em geral,GLOBO COMUNICACAO E PARTICIPACOES S/A,2020-01-01
OLATV,canal de programação comum,13934762000107,"programadora brasileira independente nos termos do art.17, §5º da lei 12.485/2011",3694530001,canal ofertado em pacote,PADRÃO,Brasil,canal de conteúdo em geral,CARLOS ALBERTO FREITAS MORENO DAS NEVES,2017-11-01
PARAMOUNT NETWORKS,canal de espaço qualificado,,programadora estrangeira,620930012,canal ofertado em pacote,PADRÃO,Estados Unidos,canal de conteúdo em geral,MTV NETWORKS LATIN AMERICA INC.,2014-11-14
PARAMOUNT NETWORKS HD,canal de espaço qualificado,,programadora estrangeira,620930013,canal ofertado em pacote,ALTA DEFINIÇÃO,Estados Unidos,canal de conteúdo em geral,MTV NETWORKS LATIN AMERICA INC.,2014-11-14
PLAYBOY HD,canal de programação comum,08844841000197,programadora brasileira de capital estrangeiro,1326330007,"canal à la carte, pay-per-view",ALTA DEFINIÇÃO,Brasil,canal de conteúdo erótico,PB BRASIL ENTRETENIMENTO S/A,2017-04-28
PLAYBOY TV,canal de programação comum,08844841000197,programadora brasileira de capital estrangeiro,1326330003,"canal à la carte, pay-per-view",PADRÃO,Brasil,canal de conteúdo erótico,PB BRASIL ENTRETENIMENTO S/A,2007-07-04
PLAYTV,canal brasileiro de espaço qualificado,07121705000106,"programadora brasileira independente nos termos do art.17, §5º da lei 12.485/2011",493130001,canal ofertado em pacote,PADRÃO,Brasil,canal de conteúdo em geral,PLAYTV TELEVISÃO LTDA,2008-10-21
PLAYTV HD,canal brasileiro de espaço qualificado,07121705000106,"programadora brasileira independente nos termos do art.17, §5º da lei 12.485/2011",493130002,canal ofertado em pacote,ALTA DEFINIÇÃO,Brasil,canal de conteúdo em geral,PLAYTV TELEVISÃO LTDA,2023-06-20
POLISHOPTV 1,canal de programação comum,00436042004752,,319030004,canal ofertado em pacote,PADRÃO,Brasil,canal de televenda ou infomercial,POLIMPORT - COMERCIO E EXPORTACAO LTDA,2021-08-01
POLISHOPTV 2,canal de programação comum,00436042004752,,319030001,canal ofertado em pacote,PADRÃO,Brasil,canal de televenda ou infomercial,POLIMPORT - COMERCIO E EXPORTACAO LTDA,2008-05-30
PREMIERE 10,canal de programação comum,27865757000102,programadora brasileira independente,472730116,"canal ofertado em pacote, canal à la carte, pay-per-view",PADRÃO,Brasil,canal de conteúdo esportivo,GLOBO COMUNICACAO E PARTICIPACOES S/A,2020-01-01
PREMIERE 11,canal de programação comum,27865757000102,programadora brasileira independente,472730117,"canal ofertado em pacote, canal à la carte, pay-per-view",PADRÃO,Brasil,canal de conteúdo esportivo,GLOBO COMUNICACAO E PARTICIPACOES S/A,2020-01-01
PREMIERE 12,canal de programação comum,27865757000102,programadora brasileira independente,472730118,"canal ofertado em pacote, canal à la carte, pay-per-view",PADRÃO,Brasil,canal de conteúdo esportivo,GLOBO COMUNICACAO E PARTICIPACOES S/A,2020-01-01
PREMIERE 2,canal de programação comum,27865757000102,programadora brasileira independente,472730101,"canal ofertado em pacote, canal à la carte, pay-per-view",PADRÃO,Brasil,canal de conteúdo esportivo,GLOBO COMUNICACAO E PARTICIPACOES S/A,2020-01-01
PREMIERE 2 HD,canal de programação comum,27865757000102,programadora brasileira independente,472730102,"canal ofertado em pacote, canal à la carte, pay-per-view",ALTA DEFINIÇÃO,Brasil,canal de conteúdo esportivo,GLOBO COMUNICACAO E PARTICIPACOES S/A,2020-01-01
PREMIERE 3,canal de programação comum,27865757000102,programadora brasileira independente,472730103,"canal ofertado em pacote, canal à la carte, pay-per-view",PADRÃO,Brasil,canal de conteúdo esportivo,GLOBO COMUNICACAO E PARTICIPACOES S/A,2020-01-01
PREMIERE 3 HD,canal de programação comum,27865757000102,programadora brasileira independente,472730104,"canal ofertado em pacote, canal à la carte, pay-per-view",ALTA DEFINIÇÃO,Brasil,canal de conteúdo esportivo,GLOBO COMUNICACAO E PARTICIPACOES S/A,2020-01-01
PREMIERE 4,canal de programação comum,27865757000102,programadora brasileira independente,472730105,"canal ofertado em pacote, canal à la carte, pay-per-view",PADRÃO,Brasil,canal de conteúdo esportivo,GLOBO COMUNICACAO E PARTICIPACOES S/A,2020-01-01
PREMIERE 4 HD,canal de programação comum,27865757000102,programadora brasileira independente,472730106,"canal ofertado em pacote, canal à la carte, pay-per-view",ALTA DEFINIÇÃO,Brasil,canal de conteúdo esportivo,GLOBO COMUNICACAO E PARTICIPACOES S/A,2020-01-01
PREMIERE 5,canal de programação comum,27865757000102,programadora brasileira independente,472730107,"canal ofertado em pacote, canal à la carte, pay-per-view",PADRÃO,Brasil,canal de conteúdo esportivo,GLOBO COMUNICACAO E PARTICIPACOES S/A,2020-01-01
PREMIERE 5 HD,canal de programação comum,27865757000102,programadora brasileira independente,472730108,"canal ofertado em pacote, canal à la carte, pay-per-view",ALTA DEFINIÇÃO,Brasil,canal de conteúdo esportivo,GLOBO COMUNICACAO E PARTICIPACOES S/A,2020-01-01
PREMIERE 6,canal de programação comum,27865757000102,programadora brasileira independente,472730109,"canal ofertado em pacote, canal à la carte, pay-per-view",PADRÃO,Brasil,canal de conteúdo esportivo,GLOBO COMUNICACAO E PARTICIPACOES S/A,2020-01-01
PREMIERE 6 HD,canal de programação comum,27865757000102,programadora brasileira independente,472730110,"canal ofertado em pacote, canal à la carte, pay-per-view",ALTA DEFINIÇÃO,Brasil,canal de conteúdo esportivo,GLOBO COMUNICACAO E PARTICIPACOES S/A,2020-01-01
PREMIERE 7,canal de programação comum,27865757000102,programadora brasileira independente,472730111,"canal ofertado em pacote, canal à la carte, pay-per-view",PADRÃO,Brasil,canal de conteúdo esportivo,GLOBO COMUNICACAO E PARTICIPACOES S/A,2020-01-01
PREMIERE 7 HD,canal de programação comum,27865757000102,programadora brasileira independente,472730112,"canal ofertado em pacote, canal à la carte, pay-per-view",ALTA DEFINIÇÃO,Brasil,canal de conteúdo esportivo,GLOBO COMUNICACAO E PARTICIPACOES S/A,2020-01-01
PREMIERE 8,canal de programação comum,27865757000102,programadora brasileira independente,472730113,"canal ofertado em pacote, canal à la carte, pay-per-view",PADRÃO,Brasil,canal de conteúdo esportivo,GLOBO COMUNICACAO E PARTICIPACOES S/A,2020-01-01
PREMIERE 8 HD,canal de programação comum,27865757000102,programadora brasileira independente,472730114,"canal ofertado em pacote, canal à la carte, pay-per-view",ALTA DEFINIÇÃO,Brasil,canal de conteúdo esportivo,GLOBO COMUNICACAO E PARTICIPACOES S/A,2020-01-01
PREMIERE 9,canal de programação comum,27865757000102,programadora brasileira independente,472730115,"canal ofertado em pacote, canal à la carte, pay-per-view",PADRÃO,Brasil,canal de conteúdo esportivo,GLOBO COMUNICACAO E PARTICIPACOES S/A,2020-01-01
PREMIERE CLUBES,canal de programação comum,27865757000102,programadora brasileira independente,472730011,"canal ofertado em pacote, canal à la carte, pay-per-view",PADRÃO,Brasil,canal de conteúdo esportivo,GLOBO COMUNICACAO E PARTICIPACOES S/A,2020-01-01
PREMIERE CLUBES HD,canal de programação comum,27865757000102,programadora brasileira independente,472730013,"canal ofertado em pacote, canal à la carte, pay-per-view",ALTA DEFINIÇÃO,Brasil,canal de conteúdo esportivo,GLOBO COMUNICACAO E PARTICIPACOES S/A,2020-01-01
PRIME BOX BRAZIL,"canal brasileiro de espaço qualificado nos termos do art. 17, §5º da lei 12.485/2011",07254174000120,"programadora brasileira independente nos termos do art.17, §5º da lei 12.485/2011",474430001,canal ofertado em pacote,PADRÃO,Brasil,canal de conteúdo em geral,PBI - PROGRAMADORA BRASILEIRA INDEPENDENTE S.A,2011-09-05
PRIME BOX BRAZIL HD,"canal brasileiro de espaço qualificado nos termos do art. 17, §5º da lei 12.485/2011",07254174000120,"programadora brasileira independente nos termos do art.17, §5º da lei 12.485/2011",474430002,canal ofertado em pacote,ALTA DEFINIÇÃO,Brasil,canal de conteúdo em geral,PBI - PROGRAMADORA BRASILEIRA INDEPENDENTE S.A,2011-09-05
RAIO TV,canal de programação comum,25465239000168,"programadora brasileira independente nos termos do art.17, §5º da lei 12.485/2011",4746930001,canal ofertado em pacote,ALTA DEFINIÇÃO,Brasil,canal de conteúdo em geral,RAIO SISTEMA DE RADIODIFUSAO EIRELI,2020-12-20
RDC TV - REDE DIGITAL DE COMUNICAÇÃO,canal de programação comum,30455192000191,"programadora brasileira independente nos termos do art.17, §5º da lei 12.485/2011",4257230001,canal ofertado em pacote,PADRÃO,Brasil,canal de conteúdo em geral,RDCTV REDE DIGITAL DE COMUNICAÇÃO LTDA,2018-07-02
REAL TV HD,canal de espaço qualificado,54020140000150,programadora brasileira independente,5778430001,canal ofertado em pacote,ALTA DEFINIÇÃO,Brasil,canal de conteúdo em geral,REALTV LTDA,2024-06-01
REDE SUPER DE TELEVISÃO,canal de programação comum,03602062000161,,3028030001,canal ofertado em pacote,PADRÃO,Brasil,canal de conteúdo em geral,CANAL 23 LTDA,2000-01-17
REDE VERBO TV,canal de programação comum,42920854000136,"programadora brasileira independente nos termos do art.17, §5º da lei 12.485/2011",4941430001,canal ofertado em pacote,PADRÃO,Brasil,canal de conteúdo religioso,REDE VERBO TV LTDA,2021-11-15
REGIONAL TV,canal de programação comum,30778571000112,"programadora brasileira independente nos termos do art.17, §5º da lei 12.485/2011",4040030001,canal ofertado em pacote,ALTA DEFINIÇÃO,Brasil,canal de conteúdo em geral,REGIONAL TV LTDA,2019-04-18
RSTV,canal de programação comum,08057453000166,programadora brasileira independente,1452630001,canal ofertado em pacote,PADRÃO,Brasil,canal de conteúdo em geral,VALE EUROPEU TV LTDA,2006-05-05
SABOR & ARTE,canal de espaço qualificado,26674863000138,programadora brasileira independente,4245530002,canal ofertado em pacote,ALTA DEFINIÇÃO,Brasil,canal de conteúdo em geral,ASTARTE PRODUTORA LTDA.,2021-06-15
SERTÃO TV,canal de programação comum,00352638000191,"programadora brasileira independente nos termos do art.17, §5º da lei 12.485/2011",4350930001,canal ofertado em pacote,PADRÃO,Brasil,canal de conteúdo em geral,SÉRGIO EDUARDO HOLANDA MACHADO ME,2020-01-31
SESCTV,canal de programação comum,03667884000120,,229530001,canal ofertado em pacote,PADRÃO,Brasil,canal de conteúdo em geral,SERVICO SOCIAL DO COMERCIO - SESC - ADMINISTRACAO REGIONAL NO ESTADO DE SAO PAULO,2006-05-02
SEXPRIVÊ,canal de programação comum,04334366000158,programadora brasileira,329330009,canal ofertado em pacote,PADRÃO,Brasil,canal de conteúdo erótico,NEWCO PROGRAMADORA E PRODUTORA DE COMUNICACAO LTDA.,2009-03-01
SEXTREME,canal de programação comum,08844841000197,programadora brasileira de capital estrangeiro,1326330006,"canal à la carte, pay-per-view",PADRÃO,Brasil,canal de conteúdo erótico,PB BRASIL ENTRETENIMENTO S/A,2011-08-27
SEXY HOT,canal de programação comum,08844841000197,programadora brasileira de capital estrangeiro,1326330002,"canal à la carte, pay-per-view",PADRÃO,Brasil,canal de conteúdo erótico,PB BRASIL ENTRETENIMENTO S/A,2007-07-04
SONY ENTERTAINMENT TELEVISION HD,canal de espaço qualificado,,programadora estrangeira,2233530002,canal ofertado em pacote,ALTA DEFINIÇÃO,Estados Unidos,canal de conteúdo em geral,"SET BRAZIL, LLC",1995-09-01
SONY ENTERTEINMENT TELEVISION,canal de espaço qualificado,,programadora estrangeira,2233530001,canal ofertado em pacote,PADRÃO,Estados Unidos,canal de conteúdo em geral,"SET BRAZIL, LLC",1995-09-01
SONY MOVIES HD,canal de espaço qualificado,,programadora estrangeira,2233530007,canal ofertado em pacote,ALTA DEFINIÇÃO,Estados Unidos,canal de conteúdo em geral,"SET BRAZIL, LLC",2022-07-27
SONY MOVIES SD,canal de espaço qualificado,,programadora estrangeira,2233530006,canal ofertado em pacote,PADRÃO,Estados Unidos,canal de conteúdo em geral,"SET BRAZIL, LLC",2022-07-27
SPACE,canal de espaço qualificado,05583971000125,programadora estrangeira,4040330004,canal ofertado em pacote,PADRÃO,Estados Unidos,canal de conteúdo em geral,"TURNER INTERNATIONAL LATIN AMERICA, INC",2008-07-01
SPACE HD,canal de espaço qualificado,05583971000125,programadora estrangeira,4040330013,canal ofertado em pacote,ALTA DEFINIÇÃO,Estados Unidos,canal de conteúdo em geral,"TURNER INTERNATIONAL LATIN AMERICA, INC",2009-04-01
SPORTV,canal de programação comum,27865757000102,programadora brasileira independente,472730007,canal ofertado em pacote,PADRÃO,Brasil,canal de conteúdo esportivo,GLOBO COMUNICACAO E PARTICIPACOES S/A,2020-01-01
SPORTV 2,canal de programação comum,27865757000102,programadora brasileira independente,472730008,canal ofertado em pacote,PADRÃO,Brasil,canal de conteúdo esportivo,GLOBO COMUNICACAO E PARTICIPACOES S/A,2020-01-01
SPORTV 2 HD,canal de programação comum,27865757000102,programadora brasileira independente,472730020,canal ofertado em pacote,ALTA DEFINIÇÃO,Brasil,canal de conteúdo esportivo,GLOBO COMUNICACAO E PARTICIPACOES S/A,2020-01-01
SPORTV 3,canal de programação comum,27865757000102,programadora brasileira independente,472730009,canal ofertado em pacote,PADRÃO,Brasil,canal de conteúdo esportivo,GLOBO COMUNICACAO E PARTICIPACOES S/A,2020-01-01
SPORTV 3 HD,canal de programação comum,27865757000102,programadora brasileira independente,472730023,canal ofertado em pacote,ALTA DEFINIÇÃO,Brasil,canal de conteúdo esportivo,GLOBO COMUNICACAO E PARTICIPACOES S/A,2020-01-01
SPORTV 4,canal de programação comum,27865757000102,programadora brasileira independente,472730024,canal ofertado em pacote,PADRÃO,Brasil,canal de conteúdo esportivo,GLOBO COMUNICACAO E PARTICIPACOES S/A,2020-01-01
SPORTV 4 HD,canal de programação comum,27865757000102,programadora brasileira independente,472730025,canal ofertado em pacote,ALTA DEFINIÇÃO,Brasil,canal de conteúdo esportivo,GLOBO COMUNICACAO E PARTICIPACOES S/A,2020-01-01
SPORTV 4K,canal de programação comum,27865757000102,programadora brasileira independente,472730094,canal ofertado em pacote,ALTA DEFINIÇÃO,Brasil,canal de conteúdo esportivo,GLOBO COMUNICACAO E PARTICIPACOES S/A,2020-01-01
SPORTV 5,canal de programação comum,27865757000102,programadora brasileira independente,472730026,canal ofertado em pacote,PADRÃO,Brasil,canal de conteúdo esportivo,GLOBO COMUNICACAO E PARTICIPACOES S/A,2020-01-01
SPORTV 5 HD,canal de programação comum,27865757000102,programadora brasileira independente,472730027,canal ofertado em pacote,ALTA DEFINIÇÃO,Brasil,canal de conteúdo esportivo,GLOBO COMUNICACAO E PARTICIPACOES S/A,2020-01-01
SPORTV HD,canal de programação comum,27865757000102,programadora brasileira independente,472730019,canal ofertado em pacote,ALTA DEFINIÇÃO,Brasil,canal de conteúdo esportivo,GLOBO COMUNICACAO E PARTICIPACOES S/A,2020-01-01
STAR CHANNEL,canal de espaço qualificado,,programadora estrangeira,627630003,canal ofertado em pacote,PADRÃO,Estados Unidos,canal de conteúdo em geral,TFCF LATIN AMERICAN CHANNEL LLC,1993-01-01
STAR CHANNEL HD,canal de espaço qualificado,,programadora estrangeira,627630015,canal ofertado em pacote,ALTA DEFINIÇÃO,Estados Unidos,canal de conteúdo em geral,TFCF LATIN AMERICAN CHANNEL LLC,2014-06-02
STUDIO UNIVERSAL,canal de espaço qualificado,01253766000140,programadora brasileira de capital estrangeiro,4430002,canal ofertado em pacote,PADRÃO,Brasil,canal de conteúdo em geral,NBCUNIVERSAL NETWORKS INTERNATIONAL BRASIL PROGRAMADORA S/A,2012-05-11
STUDIO UNIVERSAL HD,canal de espaço qualificado,01253766000140,programadora brasileira de capital estrangeiro,4430005,canal ofertado em pacote,ALTA DEFINIÇÃO,Brasil,canal de conteúdo em geral,NBCUNIVERSAL NETWORKS INTERNATIONAL BRASIL PROGRAMADORA S/A,2017-04-15
SUPER TV HD,canal de programação comum,28842875000150,programadora brasileira,3796430001,"canal ofertado em pacote, canal à la carte",ALTA DEFINIÇÃO,Brasil,canal de conteúdo em geral,SUPER TV HD LTDA,2017-11-13
TBC - TRIP BRASIL CHANNEL,canal brasileiro de espaço qualificado,52469919000122,"programadora brasileira independente nos termos do art.17, §5º da lei 12.485/2011",5762230001,canal ofertado em pacote,ALTA DEFINIÇÃO,Brasil,canal de conteúdo em geral,TOURTV BRASIL LTDA,2024-02-05
TCM,canal de espaço qualificado,05583971000125,programadora estrangeira,4040330007,canal ofertado em pacote,PADRÃO,Estados Unidos,canal de conteúdo em geral,"TURNER INTERNATIONAL LATIN AMERICA, INC",2009-01-01
TELECINE ACTION,canal de espaço qualificado,00252848000108,programadora brasileira de capital estrangeiro,3930002,canal ofertado em pacote,PADRÃO,Brasil,canal de conteúdo em geral,TELECINE PROGRAMACAO DE FILMES LTDA,2000-10-01
TELECINE ACTION HD,canal de espaço qualificado,00252848000108,programadora brasileira de capital estrangeiro,3930009,canal ofertado em pacote,ALTA DEFINIÇÃO,Brasil,canal de conteúdo em geral,TELECINE PROGRAMACAO DE FILMES LTDA,2010-11-01
TELECINE CULT,canal de espaço qualificado,00252848000108,programadora brasileira de capital estrangeiro,3930006,canal ofertado em pacote,PADRÃO,Brasil,canal de conteúdo em geral,TELECINE PROGRAMACAO DE FILMES LTDA,2005-11-01
TELECINE CULT HD,canal de espaço qualificado,00252848000108,programadora brasileira de capital estrangeiro,3930014,canal ofertado em pacote,ALTA DEFINIÇÃO,Brasil,canal de conteúdo em geral,TELECINE PROGRAMACAO DE FILMES LTDA,2012-12-01
TELECINE FUN,canal de espaço qualificado,00252848000108,programadora brasileira de capital estrangeiro,3930004,canal ofertado em pacote,PADRÃO,Brasil,canal de conteúdo em geral,TELECINE PROGRAMACAO DE FILMES LTDA,2010-10-01
TELECINE FUN HD,canal de espaço qualificado,00252848000108,programadora brasileira de capital estrangeiro,3930010,canal ofertado em pacote,ALTA DEFINIÇÃO,Brasil,canal de conteúdo em geral,TELECINE PROGRAMACAO DE FILMES LTDA,2011-11-01
TELECINE PIPOCA,canal de espaço qualificado,00252848000108,programadora brasileira de capital estrangeiro,3930005,canal ofertado em pacote,PADRÃO,Brasil,canal de conteúdo em geral,TELECINE PROGRAMACAO DE FILMES LTDA,2004-10-01
TELECINE PIPOCA HD,canal de espaço qualificado,00252848000108,programadora brasileira de capital estrangeiro,3930008,canal ofertado em pacote,ALTA DEFINIÇÃO,Brasil,canal de conteúdo em geral,TELECINE PROGRAMACAO DE FILMES LTDA,2010-01-01
TELECINE PREMIUM,canal de espaço qualificado,00252848000108,programadora brasileira de capital estrangeiro,3930001,canal ofertado em pacote,PADRÃO,Brasil,canal de conteúdo em geral,TELECINE PROGRAMACAO DE FILMES LTDA,2000-10-01
TELECINE PREMIUM HD,canal de espaço qualificado,00252848000108,programadora brasileira de capital estrangeiro,3930007,canal ofertado em pacote,ALTA DEFINIÇÃO,Brasil,canal de conteúdo em geral,TELECINE PROGRAMACAO DE FILMES LTDA,2009-05-01
TELECINE TOUCH,canal de espaço qualificado,00252848000108,programadora brasileira de capital estrangeiro,3930003,canal ofertado em pacote,PADRÃO,Brasil,canal de conteúdo em geral,TELECINE PROGRAMACAO DE FILMES LTDA,2010-10-01
TELECINE TOUCH HD,canal de espaço qualificado,00252848000108,programadora brasileira de capital estrangeiro,3930011,canal ofertado em pacote,ALTA DEFINIÇÃO,Brasil,canal de conteúdo em geral,TELECINE PROGRAMACAO DE FILMES LTDA,2011-11-01
TERRA VIVA,canal de programação comum,04334366000158,programadora brasileira,329330010,canal ofertado em pacote,PADRÃO,Brasil,canal de televenda ou infomercial,NEWCO PROGRAMADORA E PRODUTORA DE COMUNICACAO LTDA.,2005-06-27
THC - THE HISTORY CHANNEL,canal de espaço qualificado,,programadora estrangeira,2239930001,canal ofertado em pacote,PADRÃO,Estados Unidos,canal de conteúdo em geral,"HISTORY CHANNEL BRAZIL DISTRIBUTION, LLC",2001-10-01
THC - THE HISTORY CHANNEL HD,canal de espaço qualificado,,programadora estrangeira,2239930002,canal ofertado em pacote,ALTA DEFINIÇÃO,Estados Unidos,canal de conteúdo em geral,"HISTORY CHANNEL BRAZIL DISTRIBUTION, LLC",2010-12-01
THINK TV,canal de programação comum,34337977000110,programadora brasileira,4637130001,canal ofertado em pacote,ALTA DEFINIÇÃO,Brasil,canal de televenda ou infomercial,RCBG LATSCH CANAL DE TELEVISAO LTDA,2019-10-01
TLC,canal de espaço qualificado,,programadora estrangeira,2603930010,canal ofertado em pacote,PADRÃO,Espanha,canal de conteúdo em geral,"DISCOVERY NETWORKS, SL",2011-11-01
TLC HD,canal de espaço qualificado,,programadora estrangeira,2603930017,canal ofertado em pacote,ALTA DEFINIÇÃO,Espanha,canal de conteúdo em geral,"DISCOVERY NETWORKS, SL",2015-03-16
TNT,canal de espaço qualificado,05583971000125,programadora estrangeira,4040330003,canal ofertado em pacote,PADRÃO,Estados Unidos,canal de conteúdo em geral,"TURNER INTERNATIONAL LATIN AMERICA, INC",1999-09-01
TNT HD,canal de espaço qualificado,05583971000125,programadora estrangeira,4040330015,canal ofertado em pacote,ALTA DEFINIÇÃO,Estados Unidos,canal de conteúdo em geral,"TURNER INTERNATIONAL LATIN AMERICA, INC",2009-04-01
TNT NOVELAS HD,canal de espaço qualificado,05583971000125,programadora estrangeira,4040330032,canal ofertado em pacote,ALTA DEFINIÇÃO,Estados Unidos,canal de conteúdo em geral,"TURNER INTERNATIONAL LATIN AMERICA, INC",2023-06-26
TNT NOVELAS SD,canal de espaço qualificado,05583971000125,programadora estrangeira,4040330031,canal ofertado em pacote,PADRÃO,Estados Unidos,canal de conteúdo em geral,"TURNER INTERNATIONAL LATIN AMERICA, INC",2023-06-26
TNT SÉRIES HD,canal de espaço qualificado,05583971000125,programadora estrangeira,4040330018,canal ofertado em pacote,ALTA DEFINIÇÃO,Estados Unidos,canal de conteúdo em geral,"TURNER INTERNATIONAL LATIN AMERICA, INC",2015-04-01
TNT SÉRIES SD,canal de espaço qualificado,05583971000125,programadora estrangeira,4040330017,canal ofertado em pacote,PADRÃO,Estados Unidos,canal de conteúdo em geral,"TURNER INTERNATIONAL LATIN AMERICA, INC",2015-04-01
TOONCAST,canal de espaço qualificado,05583971000125,programadora estrangeira,4040330010,canal ofertado em pacote,PADRÃO,Estados Unidos,canal de conteúdo infantil e adolescente,"TURNER INTERNATIONAL LATIN AMERICA, INC",2008-12-01
TRACE BRAZUCA,canal de espaço qualificado,35421267000137,programadora estrangeira,4549730001,canal ofertado em pacote,ALTA DEFINIÇÃO,França,canal de conteúdo videomusical,TRACE GLOBAL,2020-07-25
TRADE TV,canal de programação comum,46174704000181,"programadora brasileira independente nos termos do art.17, §5º da lei 12.485/2011",5188530001,canal ofertado em pacote,ALTA DEFINIÇÃO,Brasil,canal de televenda ou infomercial,TRADE TV LTDA,2022-06-05
TRAVEL BOX BRAZIL,canal brasileiro de espaço qualificado,07254174000120,"programadora brasileira independente nos termos do art.17, §5º da lei 12.485/2011",474430005,canal ofertado em pacote,PADRÃO,Brasil,canal de conteúdo em geral,PBI - PROGRAMADORA BRASILEIRA INDEPENDENTE S.A,2012-08-20
TRAVEL BOX BRAZIL HD,canal brasileiro de espaço qualificado,07254174000120,"programadora brasileira independente nos termos do art.17, §5º da lei 12.485/2011",474430006,canal ofertado em pacote,ALTA DEFINIÇÃO,Brasil,canal de conteúdo em geral,PBI - PROGRAMADORA BRASILEIRA INDEPENDENTE S.A,2015-07-01
TV AMBIENTAL,canal de programação comum,27329556000182,"programadora brasileira independente nos termos do art.17, §5º da lei 12.485/2011",5050530001,canal ofertado em pacote,ALTA DEFINIÇÃO,Brasil,canal de conteúdo jornalístico,AVL PRODUÇÕES LTDA,2019-04-08
TV AVIVANDO NAÇÕES,canal de programação comum,42220755000141,"programadora brasileira independente nos termos do art.17, §5º da lei 12.485/2011",4936030001,canal ofertado em pacote,ALTA DEFINIÇÃO,Brasil,canal de conteúdo religioso,MARCIA MORGANA BEZERRA DA SILVA LUCIANO,2021-06-04
TV BRUSQUE,canal de programação comum,05124438000103,"programadora brasileira independente nos termos do art.17, §5º da lei 12.485/2011",4612630001,canal ofertado em pacote,PADRÃO,Brasil,canal de conteúdo em geral,EMPRESA BRUSQUENSE DE COMUNICAÇÃO LTDA.,2002-06-10
TV CARIRI,canal de programação comum,20123556000182,"programadora brasileira independente nos termos do art.17, §5º da lei 12.485/2011",4097030001,canal ofertado em pacote,ALTA DEFINIÇÃO,Brasil,canal de conteúdo em geral,TV DO CARIRI LTDA,2019-08-22
TV CENTRO SUL,canal de programação comum,31248895000101,"programadora brasileira independente nos termos do art.17, §5º da lei 12.485/2011",4447330001,canal ofertado em pacote,ALTA DEFINIÇÃO,Brasil,canal de conteúdo em geral,SISTEMA VOZ CENTRO SUL LTDA,2019-05-03
TV CIDADE CANAL 9 - TERESÓPOLIS,canal de programação comum,30918049000199,"programadora brasileira independente nos termos do art.17, §5º da lei 12.485/2011",1409130001,canal ofertado em pacote,PADRÃO,Brasil,canal de conteúdo em geral,RGS PUBLICIDADE EIRELI,2002-09-07
TV CIDADE OESTE,canal de programação comum,11244074000190,programadora brasileira,3872330001,"canal ofertado em pacote, canal à la carte",PADRÃO,Brasil,canal de conteúdo em geral,TV CIDADE OESTE LTDA,2018-02-01
TV DIÁRIO DO SERTÃO,canal de programação comum,11694678000138,"programadora brasileira independente nos termos do art.17, §5º da lei 12.485/2011",3990330001,canal ofertado em pacote,PADRÃO,Brasil,canal de conteúdo jornalístico,SISTEMA DE COMUNICACAO DIARIO LTDA,2018-08-01
TV ERECHIM,canal de programação comum,10335427000102,"programadora brasileira independente nos termos do art.17, §5º da lei 12.485/2011",1738230001,canal ofertado em pacote,PADRÃO,Brasil,canal de conteúdo em geral,LD PRODUÇÕES PUBLICITARIAS LTDA,2008-08-04
TV GAZETA RN,canal de programação comum,19924934000148,,2698130001,canal ofertado em pacote,PADRÃO,Brasil,canal de conteúdo em geral,TELEVISÃO RIO GRANDE DO NORTE EIRELI,2015-08-10
TV GUIA LOCAL,canal de programação comum,07031220000121,"programadora brasileira independente nos termos do art.17, §5º da lei 12.485/2011",1705030001,canal ofertado em pacote,PADRÃO,Brasil,canal de televenda ou infomercial,V.B. MOTER PRODUÇÕES DE VIDEO,2007-01-01
TV JAGUAR,canal de programação comum,10489198000172,"programadora brasileira independente nos termos do art.17, §5º da lei 12.485/2011",4948430001,canal ofertado em pacote,ALTA DEFINIÇÃO,Brasil,canal de conteúdo em geral,R. LOPES DA COSTA AMARAL,2021-09-20
TV JAGUÁ NEWS,canal de programação comum,29284918000191,"programadora brasileira independente nos termos do art.17, §5º da lei 12.485/2011",5285530001,canal ofertado em pacote,ALTA DEFINIÇÃO,Brasil,canal de conteúdo em geral,SM BRASIL DE COMUNICACAO LTDA,2023-01-18
TV KURTIÇÃO,canal de programação comum,07651720000166,"programadora brasileira independente nos termos do art.17, §5º da lei 12.485/2011",3891730001,canal ofertado em pacote,ALTA DEFINIÇÃO,Brasil,canal de conteúdo em geral,QUEIROGA & MEDEIROS LTDA - ME,2019-08-14
TV METROPOLITANO,canal de programação comum,17845847000170,"programadora brasileira independente nos termos do art.17, §5º da lei 12.485/2011",2403330001,canal ofertado em pacote,PADRÃO,Brasil,canal de conteúdo em geral,TELEVISÃO METROPOLITANO EIRELI,2013-06-01
TV NORDESTINA,canal de programação comum,17392307000188,"programadora brasileira independente nos termos do art.17, §5º da lei 12.485/2011",4457730001,canal ofertado em pacote,ALTA DEFINIÇÃO,Brasil,canal de conteúdo em geral,JOSE ABILIO FELIX DE FIGUEIREDO,2019-12-01
TV OOPS,canal de programação comum,27170742000111,programadora brasileira,4260630001,canal ofertado em pacote,ALTA DEFINIÇÃO,Brasil,canal de conteúdo em geral,TNC SISTEMAS DE TELECOMUNICAÇÕES LTDA,2018-01-01
TV OTIMISTA,canal de programação comum,02553273000199,"programadora brasileira independente nos termos do art.17, §5º da lei 12.485/2011",4626830001,canal ofertado em pacote,ALTA DEFINIÇÃO,Brasil,canal de conteúdo em geral,O OTIMISTA SERVICO DE COMUNICACAO EIRELI,2020-10-18
TV PADRE CICERO,canal de programação comum,04175120000180,,3880930001,canal ofertado em pacote,ALTA DEFINIÇÃO,Brasil,canal de conteúdo em geral,FUNDACÃO PADRE CÍCERO DE TELEVISÃO,2018-01-09
TV PASSO FUNDO,canal de programação comum,02780144000133,"programadora brasileira independente nos termos do art.17, §5º da lei 12.485/2011",1315730001,canal ofertado em pacote,PADRÃO,Brasil,canal de conteúdo em geral,FERNANDO BERTOQUE DOS SANTOS-ME,2005-11-03
TV RÁ TIM BUM HD,canal brasileiro de espaço qualificado,61914891000186,programadora brasileira independente,112530002,canal ofertado em pacote,ALTA DEFINIÇÃO,Brasil,canal de conteúdo infantil e adolescente,FUND PE ANCHIETA CENTRO PAULISTA RADIO E TV EDUCATIVAS,2016-12-19
TV RÁ TIM BUM!,canal brasileiro de espaço qualificado,61914891000186,programadora brasileira independente,112530001,canal ofertado em pacote,PADRÃO,Brasil,canal de conteúdo infantil e adolescente,FUND PE ANCHIETA CENTRO PAULISTA RADIO E TV EDUCATIVAS,2004-12-12
TV SUPREN,canal de programação comum,02755157000152,,461930001,canal ofertado em pacote,PADRÃO,Brasil,canal de conteúdo em geral,UNIÃO PLANETÁRIA,2007-12-01
TV UNIÃO DE NATAL,canal de programação comum,01884833000125,programadora brasileira independente,2246830001,canal ofertado em pacote,PADRÃO,Brasil,canal de conteúdo em geral,WMW ENTRETENIMENTO LTDA,2003-03-31
TV5 MONDE,canal não adaptado ao mercado brasileiro,,programadora estrangeira,626930001,"canal ofertado em pacote, canal à la carte",PADRÃO,França,canal de conteúdo em geral,TV5 MONDE,1996-04-15
TVI,canal de programação comum,08594668000116,"programadora brasileira independente nos termos do art.17, §5º da lei 12.485/2011",1761830001,canal ofertado em pacote,PADRÃO,Brasil,canal de conteúdo em geral,AÇÃO PROGRAMADORA DE CANAIS INDEPENDENTES LTDA - ME,2005-01-17
TVMASTER,canal de programação comum,45813358000171,"programadora brasileira independente nos termos do art.17, §5º da lei 12.485/2011",5698730001,canal ofertado em pacote,PADRÃO,Brasil,canal de conteúdo em geral,MIDIA COMUNICAÇÃO E PROGRAMAÇÃO LTDA,2022-05-31
UNIVERSAL PREMIERE,canal de espaço qualificado,,programadora estrangeira,5086130003,"canal ofertado em pacote, canal à la carte",ALTA DEFINIÇÃO,Estados Unidos,canal de conteúdo em geral,"NBC UNIVERSAL GLOBAL NETWORKS LATIN AMERICA, LLC",2023-12-15
UNIVERSAL REALITY,canal de espaço qualificado,,programadora estrangeira,5086130004,"canal ofertado em pacote, canal à la carte",ALTA DEFINIÇÃO,Estados Unidos,canal de conteúdo em geral,"NBC UNIVERSAL GLOBAL NETWORKS LATIN AMERICA, LLC",2023-12-15
UNIVERSAL TV,canal de espaço qualificado,01253766000140,programadora brasileira de capital estrangeiro,4430001,canal ofertado em pacote,PADRÃO,Brasil,canal de conteúdo em geral,NBCUNIVERSAL NETWORKS INTERNATIONAL BRASIL PROGRAMADORA S/A,1996-05-10
UNIVERSAL TV HD,canal de espaço qualificado,01253766000140,programadora brasileira de capital estrangeiro,4430004,canal ofertado em pacote,ALTA DEFINIÇÃO,Brasil,canal de conteúdo em geral,NBCUNIVERSAL NETWORKS INTERNATIONAL BRASIL PROGRAMADORA S/A,2013-07-01
USA NETWORK,canal de espaço qualificado,01253766000140,programadora brasileira de capital estrangeiro,4430003,canal ofertado em pacote,PADRÃO,Brasil,canal de conteúdo em geral,NBCUNIVERSAL NETWORKS INTERNATIONAL BRASIL PROGRAMADORA S/A,2012-05-11
USA NETWORK HD,canal de espaço qualificado,01253766000140,programadora brasileira de capital estrangeiro,4430006,canal ofertado em pacote,ALTA DEFINIÇÃO,Brasil,canal de conteúdo em geral,NBCUNIVERSAL NETWORKS INTERNATIONAL BRASIL PROGRAMADORA S/A,2017-04-15
VENUS,canal de programação comum,08844841000197,programadora brasileira de capital estrangeiro,1326330004,"canal à la carte, pay-per-view",PADRÃO,Brasil,canal de conteúdo erótico,PB BRASIL ENTRETENIMENTO S/A,2008-12-10
VH1 HD,canal não adaptado ao mercado brasileiro,,programadora estrangeira,620930006,canal ofertado em pacote,ALTA DEFINIÇÃO,Estados Unidos,canal de conteúdo videomusical,MTV NETWORKS LATIN AMERICA INC.,2009-12-01
VH1 MEGAHITS,canal não adaptado ao mercado brasileiro,,programadora estrangeira,620930005,canal ofertado em pacote,PADRÃO,Estados Unidos,canal de conteúdo videomusical,MTV NETWORKS LATIN AMERICA INC.,2010-01-31
VINTV,canal de programação comum,22855801000171,"programadora brasileira independente nos termos do art.17, §5º da lei 12.485/2011",4257730001,canal ofertado em pacote,PADRÃO,Brasil,canal de conteúdo em geral,SERTÃO & MAR COMUNICAÇÕES LTDA,2019-01-01
VIVA,canal de espaço qualificado,27865757000102,programadora brasileira independente,472730120,canal ofertado em pacote,PADRÃO,Brasil,canal de conteúdo em geral,GLOBO COMUNICACAO E PARTICIPACOES S/A,2020-01-01
VIVA HD,canal de espaço qualificado,27865757000102,programadora brasileira independente,472730022,canal ofertado em pacote,ALTA DEFINIÇÃO,Brasil,canal de conteúdo em geral,GLOBO COMUNICACAO E PARTICIPACOES S/A,2020-01-01
WARNER CHANNEL,canal de espaço qualificado,05583971000125,programadora estrangeira,4040330029,canal ofertado em pacote,PADRÃO,Estados Unidos,canal de conteúdo em geral,"TURNER INTERNATIONAL LATIN AMERICA, INC",1996-11-01
WARNER CHANNEL HD,canal de espaço qualificado,05583971000125,programadora estrangeira,4040330030,canal ofertado em pacote,ALTA DEFINIÇÃO,Estados Unidos,canal de conteúdo em geral,"TURNER INTERNATIONAL LATIN AMERICA, INC",1996-11-01
WOOHOO,canal brasileiro de espaço qualificado,07906636000146,"programadora brasileira independente nos termos do art.17, §5º da lei 12.485/2011",2122930001,canal ofertado em pacote,PADRÃO,Brasil,canal de conteúdo em geral,NOVAS MIDIAS DIGITAIS PROGRAMADORA LTDA,2006-05-22
WOOHOO HD,canal brasileiro de espaço qualificado,07906636000146,"programadora brasileira independente nos termos do art.17, §5º da lei 12.485/2011",2122930002,canal ofertado em pacote,ALTA DEFINIÇÃO,Brasil,canal de conteúdo em geral,NOVAS MIDIAS DIGITAIS PROGRAMADORA LTDA,2017-11-30
ZOOMOO KIDS,canal de espaço qualificado,,programadora estrangeira,4705730001,canal ofertado em pacote,PADRÃO,Estados Unidos,canal de conteúdo infantil e adolescente,STENNA INTERNATIONAL LLC,2020-11-10
ZOOMOO KIDS (HD),canal de espaço qualificado,,programadora estrangeira,4705730002,canal ofertado em pacote,ALTA DEFINIÇÃO,Estados Unidos,canal de conteúdo infantil e adolescente,STENNA INTERNATIONAL LLC,2020-11-10
ÓTV,canal de programação comum,09517512000102,programadora brasileira,2194630001,"canal ofertado em pacote, canal à la carte",PADRÃO,Brasil,canal de conteúdo em geral,RPC MIDIA LTDA,2011-04-19
